82.79, 2002-07-26, 1.0
81.82, 2002-07-29, 1.0
81.77, 2002-07-30, 1.0
82.52, 2002-07-31, 1.0
82.86, 2002-08-01, 1.0
83.5, 2002-08-02, 1.0
83.92, 2002-08-05, 1.0
83.24, 2002-08-06, 1.0
83.5, 2002-08-07, 1.0
83.21, 2002-08-08, 1.0
83.83, 2002-08-09, 1.0
84.0, 2002-08-12, 1.0
84.67, 2002-08-13, 1.0
84.42, 2002-08-14, 1.0
83.93, 2002-08-15, 1.0
83.38, 2002-08-16, 1.0
83.46, 2002-08-19, 1.0
84.23, 2002-08-20, 1.0
84.02, 2002-08-21, 1.0
83.57, 2002-08-22, 1.0
83.95, 2002-08-23, 1.0
83.99, 2002-08-26, 1.0
83.74, 2002-08-27, 1.0
84.05, 2002-08-28, 1.0
84.44, 2002-08-29, 1.0
84.6, 2002-08-30, 1.0
85.23, 2002-09-03, 1.0
85.2, 2002-09-04, 1.0
85.54, 2002-09-05, 1.0
84.88, 2002-09-06, 1.0
84.76, 2002-09-09, 1.0
85.06, 2002-09-10, 1.0
84.75, 2002-09-11, 1.0
85.19, 2002-09-12, 1.0
85.59, 2002-09-13, 1.0
85.62, 2002-09-16, 1.0
85.9, 2002-09-17, 1.0
86.0, 2002-09-18, 1.0
86.43, 2002-09-19, 1.0
86.4, 2002-09-20, 1.0
86.89, 2002-09-23, 1.0
87.2, 2002-09-24, 1.0
86.54, 2002-09-25, 1.0
86.48, 2002-09-26, 1.0
87.05, 2002-09-27, 1.0
87.56, 2002-09-30, 1.0
86.54, 2002-10-01, 1.0
86.83, 2002-10-02, 1.0
86.78, 2002-10-03, 1.0
86.87, 2002-10-04, 1.0
87.21, 2002-10-07, 1.0
87.05, 2002-10-08, 1.0
87.49, 2002-10-09, 1.0
86.99, 2002-10-10, 1.0
86.37, 2002-10-11, 1.0
86.3, 2002-10-14, 1.0
84.85, 2002-10-15, 1.0
84.85, 2002-10-16, 1.0
84.4, 2002-10-17, 1.0
84.65, 2002-10-18, 1.0
84.0, 2002-10-21, 1.0
83.96, 2002-10-22, 1.0
84.14, 2002-10-23, 1.0
84.54, 2002-10-24, 1.0
84.91, 2002-10-25, 1.0
85.01, 2002-10-28, 1.0
85.78, 2002-10-29, 1.0
85.77, 2002-10-30, 1.0
86.21, 2002-10-31, 1.0
85.4, 2002-11-01, 1.0
85.13, 2002-11-04, 1.0
84.9, 2002-11-05, 1.0
85.18, 2002-11-06, 1.0
86.01, 2002-11-07, 1.0
86.22, 2002-11-08, 1.0
86.44, 2002-11-11, 1.0
86.17, 2002-11-12, 1.0
86.27, 2002-11-13, 1.0
85.19, 2002-11-14, 1.0
85.25, 2002-11-15, 1.0
85.33, 2002-11-18, 1.0
85.4, 2002-11-19, 1.0
84.93, 2002-11-20, 1.0
84.44, 2002-11-21, 1.0
84.34, 2002-11-22, 1.0
84.21, 2002-11-25, 1.0
84.97, 2002-11-26, 1.0
84.0, 2002-11-27, 1.0
84.12, 2002-11-29, 1.0
83.57, 2002-12-02, 1.0
83.56, 2002-12-03, 1.0
83.85, 2002-12-04, 1.0
84.08, 2002-12-05, 1.0
84.42, 2002-12-06, 1.0
84.74, 2002-12-09, 1.0
84.67, 2002-12-10, 1.0
84.95, 2002-12-11, 1.0
85.02, 2002-12-12, 1.0
84.71, 2002-12-13, 1.0
84.36, 2002-12-16, 1.0
84.56, 2002-12-17, 1.0
85.08, 2002-12-18, 1.0
85.52, 2002-12-19, 1.0
85.52, 2002-12-20, 1.0
85.47, 2002-12-23, 1.0
85.79, 2002-12-24, 1.0
85.92, 2002-12-26, 1.0
86.43, 2002-12-27, 1.0
86.59, 2002-12-30, 1.0
86.15, 2002-12-31, 1.0
84.79, 2003-01-02, 1.0
84.93, 2003-01-03, 1.0
84.72, 2003-01-06, 1.0
84.99, 2003-01-07, 1.0
85.19, 2003-01-08, 1.0
84.16, 2003-01-09, 1.0
84.25, 2003-01-10, 1.0
84.4, 2003-01-13, 1.0
84.6, 2003-01-14, 1.0
84.79, 2003-01-15, 1.0
84.76, 2003-01-16, 1.0
85.11, 2003-01-17, 1.0
85.4, 2003-01-21, 1.0
85.75, 2003-01-22, 1.0
85.57, 2003-01-23, 1.0
85.74, 2003-01-24, 1.0
85.48, 2003-01-27, 1.0
85.49, 2003-01-28, 1.0
85.49, 2003-01-29, 1.0
85.45, 2003-01-30, 1.0
85.49, 2003-01-31, 1.0
85.08, 2003-02-03, 1.0
85.36, 2003-02-04, 1.0
85.03, 2003-02-05, 1.0
85.36, 2003-02-06, 1.0
85.4, 2003-02-07, 1.0
85.24, 2003-02-10, 1.0
85.32, 2003-02-11, 1.0
85.69, 2003-02-12, 1.0
86.0, 2003-02-13, 1.0
85.7, 2003-02-14, 1.0
85.7, 2003-02-18, 1.0
86.02, 2003-02-19, 1.0
86.32, 2003-02-20, 1.0
86.0, 2003-02-21, 1.0
86.34, 2003-02-24, 1.0
86.46, 2003-02-25, 1.0
86.72, 2003-02-26, 1.0
86.8, 2003-02-27, 1.0
87.09, 2003-02-28, 1.0
87.03, 2003-03-03, 1.0
87.2, 2003-03-04, 1.0
87.36, 2003-03-05, 1.0
87.18, 2003-03-06, 1.0
87.47, 2003-03-07, 1.0
87.76, 2003-03-10, 1.0
87.74, 2003-03-11, 1.0
87.54, 2003-03-12, 1.0
86.56, 2003-03-13, 1.0
86.85, 2003-03-14, 1.0
86.17, 2003-03-17, 1.0
85.7, 2003-03-18, 1.0
85.29, 2003-03-19, 1.0
85.35, 2003-03-20, 1.0
84.57, 2003-03-21, 1.0
85.39, 2003-03-24, 1.0
85.4, 2003-03-25, 1.0
85.6, 2003-03-26, 1.0
85.76, 2003-03-27, 1.0
85.9, 2003-03-28, 1.0
86.52, 2003-03-31, 1.0
86.16, 2003-04-01, 1.0
85.55, 2003-04-02, 1.0
85.7, 2003-04-03, 1.0
85.55, 2003-04-04, 1.0
85.35, 2003-04-07, 1.0
85.67, 2003-04-08, 1.0
85.96, 2003-04-09, 1.0
85.73, 2003-04-10, 1.0
85.51, 2003-04-11, 1.0
85.27, 2003-04-14, 1.0
85.57, 2003-04-15, 1.0
85.76, 2003-04-16, 1.0
85.65, 2003-04-17, 1.0
85.49, 2003-04-21, 1.0
85.51, 2003-04-22, 1.0
85.47, 2003-04-23, 1.0
85.97, 2003-04-24, 1.0
86.11, 2003-04-25, 1.0
86.02, 2003-04-28, 1.0
85.87, 2003-04-29, 1.0
86.39, 2003-04-30, 1.0
86.12, 2003-05-01, 1.0
85.65, 2003-05-02, 1.0
85.92, 2003-05-05, 1.0
86.45, 2003-05-06, 1.0
87.05, 2003-05-07, 1.0
87.14, 2003-05-08, 1.0
87.28, 2003-05-09, 1.0
87.65, 2003-05-12, 1.0
87.73, 2003-05-13, 1.0
88.21, 2003-05-14, 1.0
88.12, 2003-05-15, 1.0
88.59, 2003-05-16, 1.0
88.57, 2003-05-19, 1.0
89.16, 2003-05-20, 1.0
88.88, 2003-05-21, 1.0
89.3, 2003-05-22, 1.0
89.2, 2003-05-23, 1.0
88.87, 2003-05-27, 1.0
88.89, 2003-05-28, 1.0
89.36, 2003-05-29, 1.0
89.31, 2003-05-30, 1.0
88.72, 2003-06-02, 1.0
89.31, 2003-06-03, 1.0
89.57, 2003-06-04, 1.0
89.25, 2003-06-05, 1.0
89.15, 2003-06-06, 1.0
89.64, 2003-06-09, 1.0
90.14, 2003-06-10, 1.0
89.95, 2003-06-11, 1.0
90.3, 2003-06-12, 1.0
90.63, 2003-06-13, 1.0
90.16, 2003-06-16, 1.0
89.67, 2003-06-17, 1.0
89.13, 2003-06-18, 1.0
89.26, 2003-06-19, 1.0
89.12, 2003-06-20, 1.0
89.46, 2003-06-23, 1.0
89.88, 2003-06-24, 1.0
89.2, 2003-06-25, 1.0
88.32, 2003-06-26, 1.0
88.24, 2003-06-27, 1.0
88.45, 2003-06-30, 1.0
88.02, 2003-07-01, 1.0
88.11, 2003-07-02, 1.0
87.55, 2003-07-03, 1.0
87.08, 2003-07-07, 1.0
87.11, 2003-07-08, 1.0
87.27, 2003-07-09, 1.0
87.47, 2003-07-10, 1.0
87.78, 2003-07-11, 1.0
87.27, 2003-07-14, 1.0
86.08, 2003-07-15, 1.0
86.11, 2003-07-16, 1.0
85.93, 2003-07-17, 1.0
85.71, 2003-07-18, 1.0
84.59, 2003-07-21, 1.0
84.89, 2003-07-22, 1.0
85.15, 2003-07-23, 1.0
84.82, 2003-07-24, 1.0
84.71, 2003-07-25, 1.0
84.09, 2003-07-28, 1.0
83.27, 2003-07-29, 1.0
83.94, 2003-07-30, 1.0
83.38, 2003-07-31, 1.0
83.0, 2003-08-01, 1.0
83.61, 2003-08-04, 1.0
83.05, 2003-08-05, 1.0
83.9, 2003-08-06, 1.0
84.2, 2003-08-07, 1.0
84.19, 2003-08-08, 1.0
83.84, 2003-08-11, 1.0
83.69, 2003-08-12, 1.0
82.76, 2003-08-13, 1.0
82.93, 2003-08-14, 1.0
82.9, 2003-08-15, 1.0
83.15, 2003-08-18, 1.0
83.81, 2003-08-19, 1.0
83.41, 2003-08-20, 1.0
83.1, 2003-08-21, 1.0
83.16, 2003-08-22, 1.0
82.8, 2003-08-25, 1.0
83.1, 2003-08-26, 1.0
82.9, 2003-08-27, 1.0
83.48, 2003-08-28, 1.0
83.25, 2003-08-29, 1.0
82.15, 2003-09-02, 1.0
82.36, 2003-09-03, 1.0
82.89, 2003-09-04, 1.0
83.94, 2003-09-05, 1.0
83.55, 2003-09-08, 1.0
83.95, 2003-09-09, 1.0
84.52, 2003-09-10, 1.0
84.22, 2003-09-11, 1.0
84.56, 2003-09-12, 1.0
84.71, 2003-09-15, 1.0
84.64, 2003-09-16, 1.0
85.11, 2003-09-17, 1.0
85.1, 2003-09-18, 1.0
85.1, 2003-09-19, 1.0
84.73, 2003-09-22, 1.0
84.93, 2003-09-23, 1.0
85.36, 2003-09-24, 1.0
85.48, 2003-09-25, 1.0
86.13, 2003-09-26, 1.0
85.76, 2003-09-29, 1.0
86.59, 2003-09-30, 1.0
86.24, 2003-10-01, 1.0
85.93, 2003-10-02, 1.0
84.74, 2003-10-03, 1.0
84.99, 2003-10-06, 1.0
84.5, 2003-10-07, 1.0
84.65, 2003-10-08, 1.0
84.38, 2003-10-09, 1.0
84.63, 2003-10-10, 1.0
84.5, 2003-10-13, 1.0
84.16, 2003-10-14, 1.0
83.86, 2003-10-15, 1.0
83.4, 2003-10-16, 1.0
83.85, 2003-10-17, 1.0
83.91, 2003-10-20, 1.0
84.06, 2003-10-21, 1.0
84.67, 2003-10-22, 1.0
84.4, 2003-10-23, 1.0
84.99, 2003-10-24, 1.0
84.76, 2003-10-27, 1.0
85.16, 2003-10-28, 1.0
84.61, 2003-10-29, 1.0
84.3, 2003-10-30, 1.0
84.6, 2003-10-31, 1.0
84.0, 2003-11-03, 1.0
84.3, 2003-11-04, 1.0
84.0, 2003-11-05, 1.0
83.57, 2003-11-06, 1.0
83.43, 2003-11-07, 1.0
83.4, 2003-11-10, 1.0
83.53, 2003-11-11, 1.0
83.8, 2003-11-12, 1.0
84.53, 2003-11-13, 1.0
84.99, 2003-11-14, 1.0
85.09, 2003-11-17, 1.0
85.44, 2003-11-18, 1.0
84.86, 2003-11-19, 1.0
85.39, 2003-11-20, 1.0
85.35, 2003-11-21, 1.0
84.9, 2003-11-24, 1.0
85.11, 2003-11-25, 1.0
84.9, 2003-11-26, 1.0
84.34, 2003-11-28, 1.0
83.6, 2003-12-01, 1.0
83.84, 2003-12-02, 1.0
83.62, 2003-12-03, 1.0
83.8, 2003-12-04, 1.0
84.82, 2003-12-05, 1.0
84.5, 2003-12-08, 1.0
84.08, 2003-12-09, 1.0
84.29, 2003-12-10, 1.0
84.8, 2003-12-11, 1.0
84.8, 2003-12-12, 1.0
84.76, 2003-12-15, 1.0
84.93, 2003-12-16, 1.0
85.15, 2003-12-17, 1.0
85.44, 2003-12-18, 1.0
85.45, 2003-12-19, 1.0
85.22, 2003-12-22, 1.0
84.64, 2003-12-23, 1.0
85.17, 2003-12-24, 1.0
85.44, 2003-12-26, 1.0
84.92, 2003-12-29, 1.0
84.83, 2003-12-30, 1.0
84.7, 2003-12-31, 1.0
84.02, 2004-01-02, 1.0
83.95, 2004-01-05, 1.0
84.58, 2004-01-06, 1.0
84.77, 2004-01-07, 1.0
84.77, 2004-01-08, 1.0
85.77, 2004-01-09, 1.0
85.77, 2004-01-12, 1.0
86.23, 2004-01-13, 1.0
86.4, 2004-01-14, 1.0
86.45, 2004-01-15, 1.0
86.09, 2004-01-16, 1.0
85.94, 2004-01-20, 1.0
86.19, 2004-01-21, 1.0
86.56, 2004-01-22, 1.0
85.91, 2004-01-23, 1.0
85.55, 2004-01-26, 1.0
85.89, 2004-01-27, 1.0
85.27, 2004-01-28, 1.0
85.17, 2004-01-29, 1.0
85.56, 2004-01-30, 1.0
85.22, 2004-02-02, 1.0
85.55, 2004-02-03, 1.0
85.41, 2004-02-04, 1.0
85.09, 2004-02-05, 1.0
85.61, 2004-02-06, 1.0
85.81, 2004-02-09, 1.0
85.57, 2004-02-10, 1.0
86.02, 2004-02-11, 1.0
85.97, 2004-02-12, 1.0
86.19, 2004-02-13, 1.0
86.19, 2004-02-17, 1.0
86.17, 2004-02-18, 1.0
86.23, 2004-02-19, 1.0
85.94, 2004-02-20, 1.0
86.22, 2004-02-23, 1.0
86.37, 2004-02-24, 1.0
86.47, 2004-02-25, 1.0
86.34, 2004-02-26, 1.0
86.68, 2004-02-27, 1.0
86.52, 2004-03-01, 1.0
86.02, 2004-03-02, 1.0
85.94, 2004-03-03, 1.0
86.21, 2004-03-04, 1.0
87.28, 2004-03-05, 1.0
87.77, 2004-03-08, 1.0
88.1, 2004-03-09, 1.0
88.09, 2004-03-10, 1.0
88.1, 2004-03-11, 1.0
87.83, 2004-03-12, 1.0
87.88, 2004-03-15, 1.0
88.31, 2004-03-16, 1.0
88.25, 2004-03-17, 1.0
87.97, 2004-03-18, 1.0
87.85, 2004-03-19, 1.0
88.18, 2004-03-22, 1.0
88.31, 2004-03-23, 1.0
88.25, 2004-03-24, 1.0
88.13, 2004-03-25, 1.0
87.57, 2004-03-26, 1.0
87.2, 2004-03-29, 1.0
87.23, 2004-03-30, 1.0
87.55, 2004-03-31, 1.0
87.08, 2004-04-01, 1.0
85.47, 2004-04-02, 1.0
85.05, 2004-04-05, 1.0
85.35, 2004-04-06, 1.0
85.36, 2004-04-07, 1.0
85.2, 2004-04-08, 1.0
84.93, 2004-04-12, 1.0
84.27, 2004-04-13, 1.0
84.21, 2004-04-14, 1.0
84.09, 2004-04-15, 1.0
84.4, 2004-04-16, 1.0
84.18, 2004-04-19, 1.0
83.57, 2004-04-20, 1.0
83.74, 2004-04-21, 1.0
84.07, 2004-04-22, 1.0
83.72, 2004-04-23, 1.0
83.71, 2004-04-26, 1.0
84.04, 2004-04-27, 1.0
83.49, 2004-04-28, 1.0
83.3, 2004-04-29, 1.0
83.5, 2004-04-30, 1.0
83.2, 2004-05-03, 1.0
82.96, 2004-05-04, 1.0
82.77, 2004-05-05, 1.0
82.69, 2004-05-06, 1.0
81.67, 2004-05-07, 1.0
81.65, 2004-05-10, 1.0
81.81, 2004-05-11, 1.0
81.69, 2004-05-12, 1.0
81.44, 2004-05-13, 1.0
81.85, 2004-05-14, 1.0
82.38, 2004-05-17, 1.0
82.22, 2004-05-18, 1.0
81.84, 2004-05-19, 1.0
82.25, 2004-05-20, 1.0
82.07, 2004-05-21, 1.0
82.13, 2004-05-24, 1.0
82.16, 2004-05-25, 1.0
82.57, 2004-05-26, 1.0
83.02, 2004-05-27, 1.0
82.79, 2004-05-28, 1.0
82.1, 2004-06-01, 1.0
81.96, 2004-06-02, 1.0
82.09, 2004-06-03, 1.0
81.75, 2004-06-04, 1.0
81.87, 2004-06-07, 1.0
81.85, 2004-06-08, 1.0
81.61, 2004-06-09, 1.0
81.7, 2004-06-10, 1.0
81.3, 2004-06-14, 1.0
82.38, 2004-06-15, 1.0
82.2, 2004-06-16, 1.0
82.43, 2004-06-17, 1.0
82.26, 2004-06-18, 1.0
82.39, 2004-06-21, 1.0
82.28, 2004-06-22, 1.0
82.4, 2004-06-23, 1.0
82.72, 2004-06-24, 1.0
82.76, 2004-06-25, 1.0
82.15, 2004-06-28, 1.0
82.54, 2004-06-29, 1.0
83.05, 2004-06-30, 1.0
82.94, 2004-07-01, 1.0
83.65, 2004-07-02, 1.0
83.49, 2004-07-06, 1.0
83.53, 2004-07-07, 1.0
83.54, 2004-07-08, 1.0
83.68, 2004-07-09, 1.0
83.78, 2004-07-12, 1.0
83.6, 2004-07-13, 1.0
83.56, 2004-07-14, 1.0
83.52, 2004-07-15, 1.0
84.33, 2004-07-16, 1.0
84.31, 2004-07-19, 1.0
83.76, 2004-07-20, 1.0
83.58, 2004-07-21, 1.0
83.68, 2004-07-22, 1.0
83.88, 2004-07-23, 1.0
83.59, 2004-07-26, 1.0
83.0, 2004-07-27, 1.0
83.13, 2004-07-28, 1.0
83.21, 2004-07-29, 1.0
83.78, 2004-07-30, 1.0
83.59, 2004-08-02, 1.0
83.79, 2004-08-03, 1.0
83.74, 2004-08-04, 1.0
83.99, 2004-08-05, 1.0
85.14, 2004-08-06, 1.0
84.86, 2004-08-09, 1.0
84.51, 2004-08-10, 1.0
84.8, 2004-08-11, 1.0
84.91, 2004-08-12, 1.0
85.06, 2004-08-13, 1.0
84.97, 2004-08-16, 1.0
85.37, 2004-08-17, 1.0
85.09, 2004-08-18, 1.0
85.3, 2004-08-19, 1.0
85.13, 2004-08-20, 1.0
84.84, 2004-08-23, 1.0
84.92, 2004-08-24, 1.0
84.93, 2004-08-25, 1.0
85.3, 2004-08-26, 1.0
85.2, 2004-08-27, 1.0
85.5, 2004-08-30, 1.0
85.87, 2004-08-31, 1.0
85.59, 2004-09-01, 1.0
85.13, 2004-09-02, 1.0
84.9, 2004-09-03, 1.0
84.95, 2004-09-07, 1.0
85.44, 2004-09-08, 1.0
85.29, 2004-09-09, 1.0
85.46, 2004-09-10, 1.0
85.67, 2004-09-13, 1.0
85.69, 2004-09-14, 1.0
85.6, 2004-09-15, 1.0
86.07, 2004-09-16, 1.0
85.77, 2004-09-17, 1.0
86.26, 2004-09-20, 1.0
86.32, 2004-09-21, 1.0
86.67, 2004-09-22, 1.0
86.37, 2004-09-23, 1.0
86.36, 2004-09-24, 1.0
86.6, 2004-09-27, 1.0
86.51, 2004-09-28, 1.0
85.97, 2004-09-29, 1.0
85.88, 2004-09-30, 1.0
85.28, 2004-10-01, 1.0
85.31, 2004-10-04, 1.0
85.31, 2004-10-05, 1.0
85.03, 2004-10-06, 1.0
84.88, 2004-10-07, 1.0
85.6, 2004-10-08, 1.0
85.74, 2004-10-11, 1.0
85.74, 2004-10-12, 1.0
86.05, 2004-10-13, 1.0
86.35, 2004-10-14, 1.0
86.06, 2004-10-15, 1.0
86.19, 2004-10-18, 1.0
86.16, 2004-10-19, 1.0
86.55, 2004-10-20, 1.0
86.43, 2004-10-21, 1.0
86.67, 2004-10-22, 1.0
86.77, 2004-10-25, 1.0
86.62, 2004-10-26, 1.0
86.09, 2004-10-27, 1.0
86.22, 2004-10-28, 1.0
86.47, 2004-10-29, 1.0
85.78, 2004-11-01, 1.0
85.99, 2004-11-02, 1.0
85.96, 2004-11-03, 1.0
85.91, 2004-11-04, 1.0
85.27, 2004-11-05, 1.0
85.15, 2004-11-08, 1.0
85.17, 2004-11-09, 1.0
85.0, 2004-11-10, 1.0
84.98, 2004-11-11, 1.0
85.3, 2004-11-12, 1.0
85.34, 2004-11-15, 1.0
85.25, 2004-11-16, 1.0
85.7, 2004-11-17, 1.0
85.77, 2004-11-18, 1.0
85.3, 2004-11-19, 1.0
85.36, 2004-11-22, 1.0
85.28, 2004-11-23, 1.0
85.4, 2004-11-24, 1.0
85.09, 2004-11-26, 1.0
84.58, 2004-11-29, 1.0
84.5, 2004-11-30, 1.0
84.21, 2004-12-01, 1.0
84.02, 2004-12-02, 1.0
84.86, 2004-12-03, 1.0
85.02, 2004-12-06, 1.0
85.01, 2004-12-07, 1.0
85.64, 2004-12-08, 1.0
85.44, 2004-12-09, 1.0
85.57, 2004-12-10, 1.0
85.63, 2004-12-13, 1.0
85.78, 2004-12-14, 1.0
86.09, 2004-12-15, 1.0
85.43, 2004-12-16, 1.0
85.32, 2004-12-17, 1.0
85.42, 2004-12-20, 1.0
85.54, 2004-12-21, 1.0
85.45, 2004-12-22, 1.0
85.342, 2004-12-23, 1.0
84.98, 2004-12-27, 1.0
84.97, 2004-12-28, 1.0
84.8, 2004-12-29, 1.0
85.12, 2004-12-30, 1.0
84.95, 2004-12-31, 1.0
85.12, 2005-01-03, 1.0
84.59, 2005-01-04, 1.0
84.73, 2005-01-05, 1.0
84.81, 2005-01-06, 1.0
84.74, 2005-01-07, 1.0
84.73, 2005-01-10, 1.0
84.9, 2005-01-11, 1.0
85.03, 2005-01-12, 1.0
85.37, 2005-01-13, 1.0
85.32, 2005-01-14, 1.0
85.29, 2005-01-18, 1.0
85.34, 2005-01-19, 1.0
85.49, 2005-01-20, 1.0
85.66, 2005-01-21, 1.0
85.65, 2005-01-24, 1.0
85.33, 2005-01-25, 1.0
85.35, 2005-01-26, 1.0
85.22, 2005-01-27, 1.0
85.66, 2005-01-28, 1.0
85.69, 2005-01-31, 1.0
85.37, 2005-02-01, 1.0
85.38, 2005-02-02, 1.0
85.23, 2005-02-03, 1.0
85.68, 2005-02-04, 1.0
85.85, 2005-02-07, 1.0
85.93, 2005-02-08, 1.0
86.35, 2005-02-09, 1.0
85.81, 2005-02-10, 1.0
85.7, 2005-02-11, 1.0
85.81, 2005-02-14, 1.0
85.68, 2005-02-15, 1.0
85.37, 2005-02-16, 1.0
85.18, 2005-02-17, 1.0
84.75, 2005-02-18, 1.0
84.76, 2005-02-22, 1.0
84.83, 2005-02-23, 1.0
84.69, 2005-02-24, 1.0
84.81, 2005-02-25, 1.0
84.26, 2005-02-28, 1.0
84.03, 2005-03-01, 1.0
84.02, 2005-03-02, 1.0
83.97, 2005-03-03, 1.0
84.35, 2005-03-04, 1.0
84.37, 2005-03-07, 1.0
83.97, 2005-03-08, 1.0
83.33, 2005-03-09, 1.0
83.48, 2005-03-10, 1.0
83.13, 2005-03-11, 1.0
83.33, 2005-03-14, 1.0
83.17, 2005-03-15, 1.0
83.36, 2005-03-16, 1.0
83.68, 2005-03-17, 1.0
83.47, 2005-03-18, 1.0
83.37, 2005-03-21, 1.0
82.76, 2005-03-22, 1.0
82.95, 2005-03-23, 1.0
83.02, 2005-03-24, 1.0
82.75, 2005-03-28, 1.0
83.09, 2005-03-29, 1.0
83.28, 2005-03-30, 1.0
83.69, 2005-03-31, 1.0
83.58, 2005-04-01, 1.0
83.54, 2005-04-04, 1.0
83.55, 2005-04-05, 1.0
83.8, 2005-04-06, 1.0
83.48, 2005-04-07, 1.0
83.57, 2005-04-08, 1.0
83.82, 2005-04-11, 1.0
84.26, 2005-04-12, 1.0
84.3, 2005-04-13, 1.0
84.52, 2005-04-14, 1.0
85.07, 2005-04-15, 1.0
84.89, 2005-04-18, 1.0
85.38, 2005-04-19, 1.0
85.33, 2005-04-20, 1.0
84.71, 2005-04-21, 1.0
85.08, 2005-04-22, 1.0
85.08, 2005-04-25, 1.0
85.04, 2005-04-26, 1.0
85.3, 2005-04-27, 1.0
85.82, 2005-04-28, 1.0
85.51, 2005-04-29, 1.0
85.33, 2005-05-02, 1.0
85.44, 2005-05-03, 1.0
85.42, 2005-05-04, 1.0
85.69, 2005-05-05, 1.0
85.08, 2005-05-06, 1.0
85.07, 2005-05-09, 1.0
85.37, 2005-05-10, 1.0
85.48, 2005-05-11, 1.0
85.56, 2005-05-12, 1.0
85.78, 2005-05-13, 1.0
85.79, 2005-05-16, 1.0
85.9, 2005-05-17, 1.0
86.18, 2005-05-18, 1.0
85.92, 2005-05-19, 1.0
85.91, 2005-05-20, 1.0
86.3, 2005-05-23, 1.0
86.53, 2005-05-24, 1.0
86.22, 2005-05-25, 1.0
86.27, 2005-05-26, 1.0
86.36, 2005-05-27, 1.0
86.81, 2005-05-31, 1.0
87.08, 2005-06-01, 1.0
87.05, 2005-06-02, 1.0
86.55, 2005-06-03, 1.0
86.78, 2005-06-06, 1.0
87.03, 2005-06-07, 1.0
86.87, 2005-06-08, 1.0
86.82, 2005-06-09, 1.0
86.27, 2005-06-10, 1.0
86.04, 2005-06-13, 1.0
85.94, 2005-06-14, 1.0
85.91, 2005-06-15, 1.0
86.18, 2005-06-16, 1.0
86.08, 2005-06-17, 1.0
85.95, 2005-06-20, 1.0
86.22, 2005-06-21, 1.0
86.87, 2005-06-22, 1.0
86.78, 2005-06-23, 1.0
86.99, 2005-06-24, 1.0
87.06, 2005-06-27, 1.0
86.69, 2005-06-28, 1.0
86.66, 2005-06-29, 1.0
86.96, 2005-06-30, 1.0
85.95, 2005-07-01, 1.0
85.6, 2005-07-05, 1.0
85.78, 2005-07-06, 1.0
85.98, 2005-07-07, 1.0
85.67, 2005-07-08, 1.0
85.63, 2005-07-11, 1.0
85.41, 2005-07-12, 1.0
85.33, 2005-07-13, 1.0
85.22, 2005-07-14, 1.0
85.24, 2005-07-15, 1.0
85.1, 2005-07-18, 1.0
85.22, 2005-07-19, 1.0
85.38, 2005-07-20, 1.0
84.75, 2005-07-21, 1.0
85.15, 2005-07-22, 1.0
85.0, 2005-07-25, 1.0
85.06, 2005-07-26, 1.0
84.94, 2005-07-27, 1.0
85.31, 2005-07-28, 1.0
84.8, 2005-07-29, 1.0
84.36, 2005-08-01, 1.0
84.28, 2005-08-02, 1.0
84.49, 2005-08-03, 1.0
84.43, 2005-08-04, 1.0
83.98, 2005-08-05, 1.0
83.76, 2005-08-08, 1.0
84.0, 2005-08-09, 1.0
83.96, 2005-08-10, 1.0
84.32, 2005-08-11, 1.0
84.66, 2005-08-12, 1.0
84.55, 2005-08-15, 1.0
84.95, 2005-08-16, 1.0
84.62, 2005-08-17, 1.0
85.07, 2005-08-18, 1.0
85.02, 2005-08-19, 1.0
85.09, 2005-08-22, 1.0
85.25, 2005-08-23, 1.0
85.29, 2005-08-24, 1.0
85.34, 2005-08-25, 1.0
85.2, 2005-08-26, 1.0
85.26, 2005-08-29, 1.0
85.66, 2005-08-30, 1.0
86.22, 2005-08-31, 1.0
86.03, 2005-09-01, 1.0
86.05, 2005-09-02, 1.0
85.78, 2005-09-06, 1.0
85.5, 2005-09-07, 1.0
85.5, 2005-09-08, 1.0
85.57, 2005-09-09, 1.0
85.3, 2005-09-12, 1.0
85.56, 2005-09-13, 1.0
85.38, 2005-09-14, 1.0
85.12, 2005-09-15, 1.0
84.79, 2005-09-16, 1.0
84.96, 2005-09-19, 1.0
84.89, 2005-09-20, 1.0
85.28, 2005-09-21, 1.0
85.34, 2005-09-22, 1.0
84.87, 2005-09-23, 1.0
84.65, 2005-09-26, 1.0
84.7, 2005-09-27, 1.0
84.87, 2005-09-28, 1.0
84.68, 2005-09-29, 1.0
84.44, 2005-09-30, 1.0
83.84, 2005-10-03, 1.0
83.88, 2005-10-04, 1.0
84.08, 2005-10-05, 1.0
83.97, 2005-10-06, 1.0
84.08, 2005-10-07, 1.0
84.1, 2005-10-10, 1.0
83.94, 2005-10-11, 1.0
83.62, 2005-10-12, 1.0
83.49, 2005-10-13, 1.0
83.49, 2005-10-14, 1.0
83.39, 2005-10-17, 1.0
83.51, 2005-10-18, 1.0
83.61, 2005-10-19, 1.0
83.66, 2005-10-20, 1.0
84.03, 2005-10-21, 1.0
83.67, 2005-10-24, 1.0
83.28, 2005-10-25, 1.0
82.96, 2005-10-26, 1.0
83.15, 2005-10-27, 1.0
83.06, 2005-10-28, 1.0
83.12, 2005-10-31, 1.0
82.78, 2005-11-01, 1.0
82.61, 2005-11-02, 1.0
82.32, 2005-11-03, 1.0
82.28, 2005-11-04, 1.0
82.43, 2005-11-07, 1.0
82.84, 2005-11-08, 1.0
82.4, 2005-11-09, 1.0
82.87, 2005-11-10, 1.0
82.97, 2005-11-11, 1.0
82.6, 2005-11-14, 1.0
82.88, 2005-11-15, 1.0
83.3, 2005-11-16, 1.0
83.46, 2005-11-17, 1.0
83.26, 2005-11-18, 1.0
83.42, 2005-11-21, 1.0
83.71, 2005-11-22, 1.0
83.49, 2005-11-23, 1.0
83.74, 2005-11-25, 1.0
83.85, 2005-11-28, 1.0
83.39, 2005-11-29, 1.0
83.35, 2005-11-30, 1.0
82.88, 2005-12-01, 1.0
82.95, 2005-12-02, 1.0
82.7, 2005-12-05, 1.0
83.09, 2005-12-06, 1.0
83.04, 2005-12-07, 1.0
83.4, 2005-12-08, 1.0
83.03, 2005-12-09, 1.0
82.84, 2005-12-12, 1.0
83.04, 2005-12-13, 1.0
83.56, 2005-12-14, 1.0
83.45, 2005-12-15, 1.0
83.6, 2005-12-16, 1.0
83.65, 2005-12-19, 1.0
83.51, 2005-12-20, 1.0
83.4, 2005-12-21, 1.0
83.73, 2005-12-22, 1.0
83.93, 2005-12-23, 1.0
84.33, 2005-12-27, 1.0
83.78, 2005-12-28, 1.0
83.88, 2005-12-29, 1.0
83.91, 2005-12-30, 1.0
83.9, 2006-01-03, 1.0
84.05, 2006-01-04, 1.0
84.07, 2006-01-05, 1.0
83.96, 2006-01-06, 1.0
84.0, 2006-01-09, 1.0
83.66, 2006-01-10, 1.0
83.45, 2006-01-11, 1.0
83.75, 2006-01-12, 1.0
84.12, 2006-01-13, 1.0
84.22, 2006-01-17, 1.0
84.23, 2006-01-18, 1.0
84.04, 2006-01-19, 1.0
84.18, 2006-01-20, 1.0
84.16, 2006-01-23, 1.0
84.02, 2006-01-24, 1.0
83.5, 2006-01-25, 1.0
83.32, 2006-01-26, 1.0
83.38, 2006-01-27, 1.0
83.2, 2006-01-30, 1.0
83.32, 2006-01-31, 1.0
82.8, 2006-02-01, 1.0
82.8, 2006-02-02, 1.0
83.05, 2006-02-03, 1.0
82.93, 2006-02-06, 1.0
82.83, 2006-02-07, 1.0
82.78, 2006-02-08, 1.0
82.86, 2006-02-09, 1.0
82.62, 2006-02-10, 1.0
82.62, 2006-02-13, 1.0
82.5, 2006-02-14, 1.0
82.65, 2006-02-15, 1.0
82.61, 2006-02-16, 1.0
82.89, 2006-02-17, 1.0
82.79, 2006-02-21, 1.0
83.1, 2006-02-22, 1.0
82.9, 2006-02-23, 1.0
82.8, 2006-02-24, 1.0
82.64, 2006-02-27, 1.0
82.97, 2006-02-28, 1.0
82.54, 2006-03-01, 1.0
82.21, 2006-03-02, 1.0
82.01, 2006-03-03, 1.0
81.75, 2006-03-06, 1.0
81.79, 2006-03-07, 1.0
81.83, 2006-03-08, 1.0
81.91, 2006-03-09, 1.0
81.75, 2006-03-10, 1.0
81.68, 2006-03-13, 1.0
82.15, 2006-03-14, 1.0
82.0, 2006-03-15, 1.0
82.52, 2006-03-16, 1.0
82.35, 2006-03-17, 1.0
82.51, 2006-03-20, 1.0
82.17, 2006-03-21, 1.0
82.27, 2006-03-22, 1.0
82.06, 2006-03-23, 1.0
82.42, 2006-03-24, 1.0
82.24, 2006-03-27, 1.0
81.84, 2006-03-28, 1.0
81.76, 2006-03-29, 1.0
81.52, 2006-03-30, 1.0
81.58, 2006-03-31, 1.0
81.23, 2006-04-03, 1.0
81.24, 2006-04-04, 1.0
81.43, 2006-04-05, 1.0
81.2, 2006-04-06, 1.0
80.83, 2006-04-07, 1.0
80.93, 2006-04-10, 1.0
81.08, 2006-04-11, 1.0
80.89, 2006-04-12, 1.0
80.46, 2006-04-13, 1.0
80.77, 2006-04-17, 1.0
81.03, 2006-04-18, 1.0
80.8, 2006-04-19, 1.0
80.73, 2006-04-20, 1.0
80.9, 2006-04-21, 1.0
81.0, 2006-04-24, 1.0
80.49, 2006-04-25, 1.0
80.45, 2006-04-26, 1.0
80.67, 2006-04-27, 1.0
80.81, 2006-04-28, 1.0
80.08, 2006-05-01, 1.0
80.21, 2006-05-02, 1.0
80.1, 2006-05-03, 1.0
80.05, 2006-05-04, 1.0
80.24, 2006-05-05, 1.0
80.28, 2006-05-08, 1.0
80.25, 2006-05-09, 1.0
80.29, 2006-05-10, 1.0
80.15, 2006-05-11, 1.0
79.85, 2006-05-12, 1.0
80.02, 2006-05-15, 1.0
80.32, 2006-05-16, 1.0
80.09, 2006-05-17, 1.0
80.66, 2006-05-18, 1.0
80.61, 2006-05-19, 1.0
80.72, 2006-05-22, 1.0
80.69, 2006-05-23, 1.0
80.81, 2006-05-24, 1.0
80.68, 2006-05-25, 1.0
80.75, 2006-05-26, 1.0
80.68, 2006-05-30, 1.0
80.43, 2006-05-31, 1.0
80.27, 2006-06-01, 1.0
80.89, 2006-06-02, 1.0
80.73, 2006-06-05, 1.0
80.8, 2006-06-06, 1.0
80.69, 2006-06-07, 1.0
80.8, 2006-06-08, 1.0
80.9976, 2006-06-09, 1.0
80.96, 2006-06-12, 1.0
81.07, 2006-06-13, 1.0
80.53, 2006-06-14, 1.0
80.35, 2006-06-15, 1.0
80.3, 2006-06-16, 1.0
80.21, 2006-06-19, 1.0
80.15, 2006-06-20, 1.0
80.14, 2006-06-21, 1.0
79.88, 2006-06-22, 1.0
79.81, 2006-06-23, 1.0
79.76, 2006-06-26, 1.0
79.97, 2006-06-27, 1.0
79.71, 2006-06-28, 1.0
80.04, 2006-06-29, 1.0
80.32, 2006-06-30, 1.0
79.97, 2006-07-03, 1.0
79.68, 2006-07-05, 1.0
79.93, 2006-07-06, 1.0
80.18, 2006-07-07, 1.0
80.24, 2006-07-10, 1.0
80.33, 2006-07-11, 1.0
80.4, 2006-07-12, 1.0
80.58, 2006-07-13, 1.0
80.64, 2006-07-14, 1.0
80.57, 2006-07-17, 1.0
80.26, 2006-07-18, 1.0
80.77, 2006-07-19, 1.0
80.94, 2006-07-20, 1.0
80.89, 2006-07-21, 1.0
80.89, 2006-07-24, 1.0
80.81, 2006-07-25, 1.0
81.01, 2006-07-26, 1.0
81.0, 2006-07-27, 1.0
81.22, 2006-07-28, 1.0
81.35, 2006-07-31, 1.0
81.05, 2006-08-01, 1.0
81.12, 2006-08-02, 1.0
81.14, 2006-08-03, 1.0
81.54, 2006-08-04, 1.0
81.43, 2006-08-07, 1.0
81.44, 2006-08-08, 1.0
81.4, 2006-08-09, 1.0
81.42, 2006-08-10, 1.0
81.16, 2006-08-11, 1.0
81.02, 2006-08-14, 1.0
81.41, 2006-08-15, 1.0
81.75, 2006-08-16, 1.0
81.73, 2006-08-17, 1.0
81.95, 2006-08-18, 1.0
82.05, 2006-08-21, 1.0
82.08, 2006-08-22, 1.0
82.05, 2006-08-23, 1.0
82.08, 2006-08-24, 1.0
82.19, 2006-08-25, 1.0
82.18, 2006-08-28, 1.0
82.25, 2006-08-29, 1.0
82.37, 2006-08-30, 1.0
82.46, 2006-08-31, 1.0
82.27, 2006-09-01, 1.0
82.0, 2006-09-05, 1.0
81.94, 2006-09-06, 1.0
82.0, 2006-09-07, 1.0
82.08, 2006-09-08, 1.0
81.97, 2006-09-11, 1.0
82.16, 2006-09-12, 1.0
82.24, 2006-09-13, 1.0
82.08, 2006-09-14, 1.0
82.03, 2006-09-15, 1.0
81.91, 2006-09-18, 1.0
82.4, 2006-09-19, 1.0
82.42, 2006-09-20, 1.0
83.01, 2006-09-21, 1.0
83.26, 2006-09-22, 1.0
83.54, 2006-09-25, 1.0
83.23, 2006-09-26, 1.0
83.31, 2006-09-27, 1.0
83.23, 2006-09-28, 1.0
83.14, 2006-09-29, 1.0
82.97, 2006-10-02, 1.0
82.96, 2006-10-03, 1.0
83.37, 2006-10-04, 1.0
83.05, 2006-10-05, 1.0
82.6, 2006-10-06, 1.0
82.81, 2006-10-09, 1.0
82.2, 2006-10-10, 1.0
82.1, 2006-10-11, 1.0
82.14, 2006-10-12, 1.0
82.01, 2006-10-13, 1.0
82.15, 2006-10-16, 1.0
82.24, 2006-10-17, 1.0
82.22, 2006-10-18, 1.0
82.15, 2006-10-19, 1.0
82.13, 2006-10-20, 1.0
81.9, 2006-10-23, 1.0
82.01, 2006-10-24, 1.0
82.31, 2006-10-25, 1.0
82.59, 2006-10-26, 1.0
82.86, 2006-10-27, 1.0
82.9, 2006-10-30, 1.0
82.96, 2006-10-31, 1.0
83.22, 2006-11-01, 1.0
83.02, 2006-11-02, 1.0
82.39, 2006-11-03, 1.0
82.47, 2006-11-06, 1.0
82.75, 2006-11-07, 1.0
82.93, 2006-11-08, 1.0
82.92, 2006-11-09, 1.0
83.1, 2006-11-10, 1.0
83.06, 2006-11-13, 1.0
83.23, 2006-11-14, 1.0
83.0, 2006-11-15, 1.0
82.79, 2006-11-16, 1.0
83.09, 2006-11-17, 1.0
83.14, 2006-11-20, 1.0
83.26, 2006-11-21, 1.0
83.39, 2006-11-22, 1.0
83.48, 2006-11-24, 1.0
83.56, 2006-11-27, 1.0
83.71, 2006-11-28, 1.0
83.61, 2006-11-29, 1.0
84.05, 2006-11-30, 1.0
83.94, 2006-12-01, 1.0
83.93, 2006-12-04, 1.0
83.82, 2006-12-05, 1.0
83.69, 2006-12-06, 1.0
83.66, 2006-12-07, 1.0
83.28, 2006-12-08, 1.0
83.54, 2006-12-11, 1.0
83.69, 2006-12-12, 1.0
83.26, 2006-12-13, 1.0
83.09, 2006-12-14, 1.0
83.15, 2006-12-15, 1.0
83.19, 2006-12-18, 1.0
83.17, 2006-12-19, 1.0
83.15, 2006-12-20, 1.0
83.45, 2006-12-21, 1.0
83.07, 2006-12-22, 1.0
83.13, 2006-12-26, 1.0
82.67, 2006-12-27, 1.0
82.48, 2006-12-28, 1.0
82.44, 2006-12-29, 1.0
82.68, 2007-01-03, 1.0
82.95, 2007-01-04, 1.0
82.71, 2007-01-05, 1.0
82.7699, 2007-01-08, 1.0
82.75, 2007-01-09, 1.0
82.61, 2007-01-10, 1.0
82.39, 2007-01-11, 1.0
82.22, 2007-01-12, 1.0
82.38, 2007-01-16, 1.0
82.22, 2007-01-17, 1.0
82.33, 2007-01-18, 1.0
82.2, 2007-01-19, 1.0
82.35, 2007-01-22, 1.0
82.11, 2007-01-23, 1.0
82.12, 2007-01-24, 1.0
81.8, 2007-01-25, 1.0
81.79, 2007-01-26, 1.0
81.73, 2007-01-29, 1.0
81.81, 2007-01-30, 1.0
81.79, 2007-01-31, 1.0
81.74, 2007-02-01, 1.0
81.81, 2007-02-02, 1.0
81.9, 2007-02-05, 1.0
82.13, 2007-02-06, 1.0
82.31, 2007-02-07, 1.0
82.33, 2007-02-08, 1.0
82.08, 2007-02-09, 1.0
81.97, 2007-02-12, 1.0
81.909, 2007-02-13, 1.0
82.38, 2007-02-14, 1.0
82.51, 2007-02-15, 1.0
82.6, 2007-02-16, 1.0
82.7, 2007-02-20, 1.0
82.69, 2007-02-21, 1.0
82.48, 2007-02-22, 1.0
82.81, 2007-02-23, 1.0
83.07, 2007-02-26, 1.0
83.77, 2007-02-27, 1.0
83.48, 2007-02-28, 1.0
83.31, 2007-03-01, 1.0
83.57, 2007-03-02, 1.0
83.6, 2007-03-05, 1.0
83.49, 2007-03-06, 1.0
83.64, 2007-03-07, 1.0
83.63, 2007-03-08, 1.0
83.16, 2007-03-09, 1.0
83.39, 2007-03-12, 1.0
83.76, 2007-03-13, 1.0
83.65, 2007-03-14, 1.0
83.56, 2007-03-15, 1.0
83.55, 2007-03-16, 1.0
83.44, 2007-03-19, 1.0
83.56, 2007-03-20, 1.0
83.68, 2007-03-21, 1.0
83.4, 2007-03-22, 1.0
83.27, 2007-03-23, 1.0
83.34, 2007-03-26, 1.0
83.32, 2007-03-27, 1.0
83.31, 2007-03-28, 1.0
83.19, 2007-03-29, 1.0
83.09, 2007-03-30, 1.0
82.86, 2007-04-02, 1.0
82.79, 2007-04-03, 1.0
82.92, 2007-04-04, 1.0
82.71, 2007-04-05, 1.0
82.33, 2007-04-09, 1.0
82.5, 2007-04-10, 1.0
82.4, 2007-04-11, 1.0
82.48, 2007-04-12, 1.0
82.34, 2007-04-13, 1.0
82.43, 2007-04-16, 1.0
82.78, 2007-04-17, 1.0
82.97, 2007-04-18, 1.0
82.96, 2007-04-19, 1.0
82.87, 2007-04-20, 1.0
83.04, 2007-04-23, 1.0
83.2, 2007-04-24, 1.0
83.15, 2007-04-25, 1.0
82.91, 2007-04-26, 1.0
82.91, 2007-04-27, 1.0
83.27, 2007-04-30, 1.0
82.96, 2007-05-01, 1.0
82.86, 2007-05-02, 1.0
82.77, 2007-05-03, 1.0
82.98, 2007-05-04, 1.0
83.05, 2007-05-07, 1.0
83.05, 2007-05-08, 1.0
82.78, 2007-05-09, 1.0
82.99, 2007-05-10, 1.0
82.82, 2007-05-11, 1.0
82.7, 2007-05-14, 1.0
82.69, 2007-05-15, 1.0
82.64, 2007-05-16, 1.0
82.42, 2007-05-17, 1.0
82.18, 2007-05-18, 1.0
82.29, 2007-05-21, 1.0
82.06, 2007-05-22, 1.0
81.9, 2007-05-23, 1.0
82.01, 2007-05-24, 1.0
81.92, 2007-05-25, 1.0
81.9, 2007-05-29, 1.0
81.8301, 2007-05-30, 1.0
81.8, 2007-05-31, 1.0
81.12, 2007-06-01, 1.0
81.25, 2007-06-04, 1.0
80.99, 2007-06-05, 1.0
81.03, 2007-06-06, 1.0
80.22, 2007-06-07, 1.0
80.37, 2007-06-08, 1.0
80.16, 2007-06-11, 1.0
79.59, 2007-06-12, 1.0
79.85, 2007-06-13, 1.0
79.87, 2007-06-14, 1.0
80.22, 2007-06-15, 1.0
80.18, 2007-06-18, 1.0
80.57, 2007-06-19, 1.0
80.42, 2007-06-20, 1.0
80.21, 2007-06-21, 1.0
80.45, 2007-06-22, 1.0
80.71, 2007-06-25, 1.0
80.73, 2007-06-26, 1.0
80.72, 2007-06-27, 1.0
80.67, 2007-06-28, 1.0
81.09, 2007-06-29, 1.0
80.9, 2007-07-02, 1.0
80.66, 2007-07-03, 1.0
80.21, 2007-07-05, 1.0
80.02, 2007-07-06, 1.0
80.31, 2007-07-09, 1.0
80.86, 2007-07-10, 1.0
80.52, 2007-07-11, 1.0
80.35, 2007-07-12, 1.0
80.53, 2007-07-13, 1.0
80.85, 2007-07-16, 1.0
80.68, 2007-07-17, 1.0
80.97, 2007-07-18, 1.0
80.96, 2007-07-19, 1.0
81.36, 2007-07-20, 1.0
81.33, 2007-07-23, 1.0
81.55, 2007-07-24, 1.0
81.66, 2007-07-25, 1.0
82.31, 2007-07-26, 1.0
82.47, 2007-07-27, 1.0
82.26, 2007-07-30, 1.0
82.6, 2007-07-31, 1.0
82.05, 2007-08-01, 1.0
82.11, 2007-08-02, 1.0
82.64, 2007-08-03, 1.0
82.31, 2007-08-06, 1.0
82.3, 2007-08-07, 1.0
81.73, 2007-08-08, 1.0
82.19, 2007-08-09, 1.0
82.07, 2007-08-10, 1.0
82.2, 2007-08-13, 1.0
82.5, 2007-08-14, 1.0
82.65, 2007-08-15, 1.0
82.97, 2007-08-16, 1.0
83.03, 2007-08-17, 1.0
83.21, 2007-08-20, 1.0
83.57, 2007-08-21, 1.0
83.3, 2007-08-22, 1.0
83.33, 2007-08-23, 1.0
83.36, 2007-08-24, 1.0
83.59, 2007-08-27, 1.0
84.02, 2007-08-28, 1.0
83.7, 2007-08-29, 1.0
84.12, 2007-08-30, 1.0
84.14, 2007-08-31, 1.0
83.65, 2007-09-04, 1.0
84.17, 2007-09-05, 1.0
83.99, 2007-09-06, 1.0
84.89, 2007-09-07, 1.0
85.08, 2007-09-10, 1.0
84.9, 2007-09-11, 1.0
84.69, 2007-09-12, 1.0
84.19, 2007-09-13, 1.0
84.3, 2007-09-14, 1.0
84.35, 2007-09-17, 1.0
84.26, 2007-09-18, 1.0
83.96, 2007-09-19, 1.0
83.01, 2007-09-20, 1.0
83.43, 2007-09-21, 1.0
83.54, 2007-09-24, 1.0
83.55, 2007-09-25, 1.0
83.58, 2007-09-26, 1.0
83.85, 2007-09-27, 1.0
83.88, 2007-09-28, 1.0
83.67, 2007-10-01, 1.0
83.85, 2007-10-02, 1.0
83.79, 2007-10-03, 1.0
83.94, 2007-10-04, 1.0
83.2, 2007-10-05, 1.0
83.5, 2007-10-08, 1.0
83.24, 2007-10-09, 1.0
83.29, 2007-10-10, 1.0
83.33, 2007-10-11, 1.0
83.0501, 2007-10-12, 1.0
83.13, 2007-10-15, 1.0
83.36, 2007-10-16, 1.0
83.87, 2007-10-17, 1.0
84.19, 2007-10-18, 1.0
84.9128, 2007-10-19, 1.0
84.75, 2007-10-22, 1.0
84.73, 2007-10-23, 1.0
85.16, 2007-10-24, 1.0
85.0874, 2007-10-25, 1.0
84.88, 2007-10-26, 1.0
84.9501, 2007-10-29, 1.0
85.04, 2007-10-30, 1.0
84.47, 2007-10-31, 1.0
84.86, 2007-11-01, 1.0
85.09, 2007-11-02, 1.0
84.9899, 2007-11-05, 1.0
84.84, 2007-11-06, 1.0
85.15, 2007-11-07, 1.0
85.34, 2007-11-08, 1.0
85.85, 2007-11-09, 1.0
86.0, 2007-11-12, 1.0
85.45, 2007-11-13, 1.0
85.62, 2007-11-14, 1.0
86.1, 2007-11-15, 1.0
86.1, 2007-11-16, 1.0
86.72, 2007-11-19, 1.0
86.49, 2007-11-20, 1.0
87.17, 2007-11-21, 1.0
86.91, 2007-11-23, 1.0
88.1001, 2007-11-26, 1.0
87.28, 2007-11-27, 1.0
86.9701, 2007-11-28, 1.0
87.46, 2007-11-29, 1.0
87.58, 2007-11-30, 1.0
87.63, 2007-12-03, 1.0
87.71, 2007-12-04, 1.0
87.38, 2007-12-05, 1.0
86.92, 2007-12-06, 1.0
86.36, 2007-12-07, 1.0
86.16, 2007-12-10, 1.0
87.34, 2007-12-11, 1.0
86.61, 2007-12-12, 1.0
85.97, 2007-12-13, 1.0
85.72, 2007-12-14, 1.0
86.23, 2007-12-17, 1.0
86.4, 2007-12-18, 1.0
87.09, 2007-12-19, 1.0
86.95, 2007-12-20, 1.0
86.32, 2007-12-21, 1.0
86.07, 2007-12-24, 1.0
85.66, 2007-12-26, 1.0
85.92, 2007-12-27, 1.0
86.61, 2007-12-28, 1.0
87.01, 2007-12-31, 1.0
87.63, 2008-01-02, 1.0
87.81, 2008-01-03, 1.0
88.04, 2008-01-04, 1.0
88.2, 2008-01-07, 1.0
88.3852, 2008-01-08, 1.0
88.25, 2008-01-09, 1.0
88.01, 2008-01-10, 1.0
88.57, 2008-01-11, 1.0
88.61, 2008-01-14, 1.0
89.19, 2008-01-15, 1.0
89.02, 2008-01-16, 1.0
89.74, 2008-01-17, 1.0
89.61, 2008-01-18, 1.0
90.615, 2008-01-22, 1.0
90.19, 2008-01-23, 1.0
89.37, 2008-01-24, 1.0
90.2, 2008-01-25, 1.0
89.87, 2008-01-28, 1.0
89.51, 2008-01-29, 1.0
89.467, 2008-01-30, 1.0
89.93, 2008-01-31, 1.0
89.94, 2008-02-01, 1.0
89.44, 2008-02-04, 1.0
90.07, 2008-02-05, 1.0
89.91, 2008-02-06, 1.0
88.9, 2008-02-07, 1.0
89.65, 2008-02-08, 1.0
89.85, 2008-02-11, 1.0
89.66, 2008-02-12, 1.0
89.28, 2008-02-13, 1.0
88.79, 2008-02-14, 1.0
88.98, 2008-02-15, 1.0
88.34, 2008-02-19, 1.0
88.26, 2008-02-20, 1.0
89.17, 2008-02-21, 1.0
88.92, 2008-02-22, 1.0
88.33, 2008-02-25, 1.0
88.55, 2008-02-26, 1.0
88.76, 2008-02-27, 1.0
89.8, 2008-02-28, 1.0
90.76, 2008-02-29, 1.0
90.2501, 2008-03-03, 1.0
89.91, 2008-03-04, 1.0
89.52, 2008-03-05, 1.0
90.24, 2008-03-06, 1.0
90.55, 2008-03-07, 1.0
91.2, 2008-03-10, 1.0
90.207, 2008-03-11, 1.0
91.25, 2008-03-12, 1.0
90.77, 2008-03-13, 1.0
91.71, 2008-03-14, 1.0
92.17, 2008-03-17, 1.0
91.54, 2008-03-18, 1.0
92.33, 2008-03-19, 1.0
92.53, 2008-03-20, 1.0
90.9, 2008-03-24, 1.0
91.22, 2008-03-25, 1.0
91.29, 2008-03-26, 1.0
91.17, 2008-03-27, 1.0
91.53, 2008-03-28, 1.0
91.69, 2008-03-31, 1.0
90.58, 2008-04-01, 1.0
90.28, 2008-04-02, 1.0
90.275, 2008-04-03, 1.0
90.97, 2008-04-04, 1.0
90.37, 2008-04-07, 1.0
90.38, 2008-04-08, 1.0
90.92, 2008-04-09, 1.0
90.56, 2008-04-10, 1.0
90.95, 2008-04-11, 1.0
90.72, 2008-04-14, 1.0
90.31, 2008-04-15, 1.0
89.7, 2008-04-16, 1.0
89.49, 2008-04-17, 1.0
89.4, 2008-04-18, 1.0
89.41, 2008-04-21, 1.0
89.48, 2008-04-22, 1.0
89.39, 2008-04-23, 1.0
88.69, 2008-04-24, 1.0
88.57, 2008-04-25, 1.0
88.73, 2008-04-28, 1.0
88.89, 2008-04-29, 1.0
89.17, 2008-04-30, 1.0
88.88, 2008-05-01, 1.0
88.16, 2008-05-02, 1.0
88.29, 2008-05-05, 1.0
88.01, 2008-05-06, 1.0
88.36, 2008-05-07, 1.0
88.93, 2008-05-08, 1.0
89.03, 2008-05-09, 1.0
88.88, 2008-05-12, 1.0
88.14, 2008-05-13, 1.0
88.11, 2008-05-14, 1.0
88.6, 2008-05-15, 1.0
88.45, 2008-05-16, 1.0
88.65, 2008-05-19, 1.0
88.92, 2008-05-20, 1.0
88.71, 2008-05-21, 1.0
88.13, 2008-05-22, 1.0
88.52, 2008-05-23, 1.0
88.09, 2008-05-27, 1.0
87.43, 2008-05-28, 1.0
87.02, 2008-05-29, 1.0
87.31, 2008-05-30, 1.0
87.52, 2008-06-02, 1.0
87.9801, 2008-06-03, 1.0
87.66, 2008-06-04, 1.0
87.2, 2008-06-05, 1.0
87.96, 2008-06-06, 1.0
87.33, 2008-06-09, 1.0
86.81, 2008-06-10, 1.0
86.9, 2008-06-11, 1.0
86.14, 2008-06-12, 1.0
85.94, 2008-06-13, 1.0
85.95, 2008-06-16, 1.0
86.24, 2008-06-17, 1.0
86.71, 2008-06-18, 1.0
86.212, 2008-06-19, 1.0
86.61, 2008-06-20, 1.0
86.57, 2008-06-23, 1.0
87.03, 2008-06-24, 1.0
87.02, 2008-06-25, 1.0
87.51, 2008-06-26, 1.0
87.94, 2008-06-27, 1.0
88.0, 2008-06-30, 1.0
87.47, 2008-07-01, 1.0
87.68, 2008-07-02, 1.0
87.71, 2008-07-03, 1.0
88.1199, 2008-07-07, 1.0
88.34, 2008-07-08, 1.0
88.76, 2008-07-09, 1.0
88.79, 2008-07-10, 1.0
87.96, 2008-07-11, 1.0
88.43, 2008-07-14, 1.0
88.75, 2008-07-15, 1.0
87.94, 2008-07-16, 1.0
87.52, 2008-07-17, 1.0
87.22, 2008-07-18, 1.0
87.42, 2008-07-21, 1.0
87.12, 2008-07-22, 1.0
86.98, 2008-07-23, 1.0
87.73, 2008-07-24, 1.0
87.22, 2008-07-25, 1.0
87.72, 2008-07-28, 1.0
87.47, 2008-07-29, 1.0
87.64, 2008-07-30, 1.0
88.34, 2008-07-31, 1.0
88.08, 2008-08-01, 1.0
88.02, 2008-08-04, 1.0
87.57, 2008-08-05, 1.0
87.6, 2008-08-06, 1.0
88.42, 2008-08-07, 1.0
88.38, 2008-08-08, 1.0
87.95, 2008-08-11, 1.0
88.56, 2008-08-12, 1.0
88.37, 2008-08-13, 1.0
88.64, 2008-08-14, 1.0
88.97, 2008-08-15, 1.0
89.19, 2008-08-18, 1.0
89.06, 2008-08-19, 1.0
89.3199, 2008-08-20, 1.0
89.13, 2008-08-21, 1.0
88.87, 2008-08-22, 1.0
89.46, 2008-08-25, 1.0
89.49, 2008-08-26, 1.0
89.62, 2008-08-27, 1.0
89.49, 2008-08-28, 1.0
89.38, 2008-08-29, 1.0
89.5699, 2008-09-02, 1.0
89.79, 2008-09-03, 1.0
90.24, 2008-09-04, 1.0
90.042, 2008-09-05, 1.0
90.05, 2008-09-08, 1.0
90.46, 2008-09-09, 1.0
90.23, 2008-09-10, 1.0
90.07, 2008-09-11, 1.0
89.62, 2008-09-12, 1.0
91.34, 2008-09-15, 1.0
91.08, 2008-09-16, 1.0
91.9, 2008-09-17, 1.0
90.82, 2008-09-18, 1.0
89.2, 2008-09-19, 1.0
89.01, 2008-09-22, 1.0
89.01, 2008-09-23, 1.0
89.24, 2008-09-24, 1.0
88.97, 2008-09-25, 1.0
88.91, 2008-09-26, 1.0
90.15, 2008-09-29, 1.0
88.96, 2008-09-30, 1.0
89.28, 2008-10-01, 1.0
89.78, 2008-10-02, 1.0
90.12, 2008-10-03, 1.0
90.85, 2008-10-06, 1.0
90.78, 2008-10-07, 1.0
89.62, 2008-10-08, 1.0
88.72, 2008-10-09, 1.0
87.68, 2008-10-10, 1.0
87.08, 2008-10-13, 1.0
86.67, 2008-10-14, 1.0
87.38, 2008-10-15, 1.0
87.4, 2008-10-16, 1.0
87.95, 2008-10-17, 1.0
88.04, 2008-10-20, 1.0
88.97, 2008-10-21, 1.0
89.65, 2008-10-22, 1.0
89.77, 2008-10-23, 1.0
89.39, 2008-10-24, 1.0
89.34, 2008-10-27, 1.0
88.62, 2008-10-28, 1.0
88.75, 2008-10-29, 1.0
88.07, 2008-10-30, 1.0
87.89, 2008-10-31, 1.0
87.71, 2008-11-03, 1.0
88.76, 2008-11-04, 1.0
89.23, 2008-11-05, 1.0
88.96, 2008-11-06, 1.0
88.64, 2008-11-07, 1.0
88.73, 2008-11-10, 1.0
89.06, 2008-11-11, 1.0
89.61, 2008-11-12, 1.0
88.96, 2008-11-13, 1.0
89.84, 2008-11-14, 1.0
90.22, 2008-11-17, 1.0
90.92, 2008-11-18, 1.0
91.9, 2008-11-19, 1.0
93.75, 2008-11-20, 1.0
92.89, 2008-11-21, 1.0
92.02, 2008-11-24, 1.0
93.6, 2008-11-25, 1.0
94.17, 2008-11-26, 1.0
94.36, 2008-11-28, 1.0
95.32, 2008-12-01, 1.0
95.82, 2008-12-02, 1.0
95.97, 2008-12-03, 1.0
96.57, 2008-12-04, 1.0
95.55, 2008-12-05, 1.0
95.19, 2008-12-08, 1.0
96.0, 2008-12-09, 1.0
95.91, 2008-12-10, 1.0
96.49, 2008-12-11, 1.0
96.76, 2008-12-12, 1.0
96.97, 2008-12-15, 1.0
98.51, 2008-12-16, 1.0
99.18, 2008-12-17, 1.0
99.85, 2008-12-18, 1.0
99.52, 2008-12-19, 1.0
99.26, 2008-12-22, 1.0
99.21, 2008-12-23, 1.0
99.11, 2008-12-24, 1.0
99.64, 2008-12-26, 1.0
99.49, 2008-12-29, 1.0
99.63, 2008-12-30, 1.0
98.53, 2008-12-31, 1.0
97.12, 2009-01-02, 1.0
96.95, 2009-01-05, 1.0
96.89, 2009-01-06, 1.0
96.91, 2009-01-07, 1.0
97.17, 2009-01-08, 1.0
97.62, 2009-01-09, 1.0
98.23, 2009-01-12, 1.0
98.3, 2009-01-13, 1.0
98.85, 2009-01-14, 1.0
98.77, 2009-01-15, 1.0
97.86, 2009-01-16, 1.0
97.71, 2009-01-20, 1.0
96.84, 2009-01-21, 1.0
96.2, 2009-01-22, 1.0
96.22, 2009-01-23, 1.0
95.98, 2009-01-26, 1.0
96.61, 2009-01-27, 1.0
95.993, 2009-01-28, 1.0
94.74, 2009-01-29, 1.0
94.7, 2009-01-30, 1.0
95.2, 2009-02-02, 1.0
94.38, 2009-02-03, 1.0
93.9, 2009-02-04, 1.0
94.12, 2009-02-05, 1.0
93.55, 2009-02-06, 1.0
93.36, 2009-02-09, 1.0
94.61, 2009-02-10, 1.0
95.34, 2009-02-11, 1.0
95.31, 2009-02-12, 1.0
94.56, 2009-02-13, 1.0
96.15, 2009-02-17, 1.0
95.45, 2009-02-18, 1.0
94.92, 2009-02-19, 1.0
95.19, 2009-02-20, 1.0
95.28, 2009-02-23, 1.0
94.92, 2009-02-24, 1.0
94.06, 2009-02-25, 1.0
93.82, 2009-02-26, 1.0
93.74, 2009-02-27, 1.0
94.43, 2009-03-02, 1.0
94.31, 2009-03-03, 1.0
93.83, 2009-03-04, 1.0
94.93, 2009-03-05, 1.0
94.48, 2009-03-06, 1.0
94.52, 2009-03-09, 1.0
93.83, 2009-03-10, 1.0
94.5, 2009-03-11, 1.0
94.77, 2009-03-12, 1.0
94.6948, 2009-03-13, 1.0
94.16, 2009-03-16, 1.0
93.98, 2009-03-17, 1.0
97.2, 2009-03-18, 1.0
96.87, 2009-03-19, 1.0
96.87, 2009-03-20, 1.0
96.54, 2009-03-23, 1.0
96.4, 2009-03-24, 1.0
95.82, 2009-03-25, 1.0
96.07, 2009-03-26, 1.0
96.01, 2009-03-27, 1.0
96.42, 2009-03-30, 1.0
96.59, 2009-03-31, 1.0
96.55, 2009-04-01, 1.0
95.92, 2009-04-02, 1.0
94.82, 2009-04-03, 1.0
94.6, 2009-04-06, 1.0
94.84, 2009-04-07, 1.0
95.31, 2009-04-08, 1.0
94.75, 2009-04-09, 1.0
95.31, 2009-04-13, 1.0
95.8, 2009-04-14, 1.0
95.89, 2009-04-15, 1.0
95.51, 2009-04-16, 1.0
94.74, 2009-04-17, 1.0
95.4, 2009-04-20, 1.0
95.03, 2009-04-21, 1.0
94.8, 2009-04-22, 1.0
94.78, 2009-04-23, 1.0
94.41, 2009-04-24, 1.0
94.8, 2009-04-27, 1.0
94.34, 2009-04-28, 1.0
93.83, 2009-04-29, 1.0
93.67, 2009-04-30, 1.0
93.09, 2009-05-01, 1.0
93.185, 2009-05-04, 1.0
93.16, 2009-05-05, 1.0
93.2, 2009-05-06, 1.0
92.42, 2009-05-07, 1.0
92.53, 2009-05-08, 1.0
93.4, 2009-05-11, 1.0
93.34, 2009-05-12, 1.0
93.77, 2009-05-13, 1.0
93.78, 2009-05-14, 1.0
93.55, 2009-05-15, 1.0
93.0, 2009-05-18, 1.0
92.87, 2009-05-19, 1.0
93.1601, 2009-05-20, 1.0
92.14, 2009-05-21, 1.0
91.6, 2009-05-22, 1.0
90.99, 2009-05-26, 1.0
89.96, 2009-05-27, 1.0
90.43, 2009-05-28, 1.0
91.45, 2009-05-29, 1.0
89.69, 2009-06-01, 1.0
89.99, 2009-06-02, 1.0
90.54, 2009-06-03, 1.0
89.49, 2009-06-04, 1.0
88.6, 2009-06-05, 1.0
88.15, 2009-06-08, 1.0
88.53, 2009-06-09, 1.0
88.0, 2009-06-10, 1.0
88.6, 2009-06-11, 1.0
89.07, 2009-06-12, 1.0
89.47, 2009-06-15, 1.0
89.97, 2009-06-16, 1.0
89.73, 2009-06-17, 1.0
88.64, 2009-06-18, 1.0
89.05, 2009-06-19, 1.0
89.53, 2009-06-22, 1.0
89.82, 2009-06-23, 1.0
89.48, 2009-06-24, 1.0
90.6, 2009-06-25, 1.0
90.72, 2009-06-26, 1.0
90.91, 2009-06-29, 1.0
90.67, 2009-06-30, 1.0
90.36, 2009-07-01, 1.0
90.66, 2009-07-02, 1.0
90.72, 2009-07-06, 1.0
91.08, 2009-07-07, 1.0
92.13, 2009-07-08, 1.0
91.59, 2009-07-09, 1.0
92.16, 2009-07-10, 1.0
91.83, 2009-07-13, 1.0
91.22, 2009-07-14, 1.0
90.04, 2009-07-15, 1.0
90.58, 2009-07-16, 1.0
89.97, 2009-07-17, 1.0
90.3, 2009-07-20, 1.0
91.31, 2009-07-21, 1.0
90.77, 2009-07-22, 1.0
89.89, 2009-07-23, 1.0
90.08, 2009-07-24, 1.0
89.66, 2009-07-27, 1.0
89.84, 2009-07-28, 1.0
89.9, 2009-07-29, 1.0
90.26, 2009-07-30, 1.0
91.17, 2009-07-31, 1.0
89.94, 2009-08-03, 1.0
89.68, 2009-08-04, 1.0
89.17, 2009-08-05, 1.0
89.17, 2009-08-06, 1.0
88.58, 2009-08-07, 1.0
89.15, 2009-08-10, 1.0
89.77, 2009-08-11, 1.0
89.52, 2009-08-12, 1.0
90.22, 2009-08-13, 1.0
90.5, 2009-08-14, 1.0
91.12, 2009-08-17, 1.0
90.8, 2009-08-18, 1.0
91.14, 2009-08-19, 1.0
91.38, 2009-08-20, 1.0
90.45, 2009-08-21, 1.0
91.01, 2009-08-24, 1.0
91.25, 2009-08-25, 1.0
91.37, 2009-08-26, 1.0
91.12, 2009-08-27, 1.0
91.33, 2009-08-28, 1.0
91.6, 2009-08-31, 1.0
91.58, 2009-09-01, 1.0
92.08, 2009-09-02, 1.0
91.75, 2009-09-03, 1.0
91.2, 2009-09-04, 1.0
90.99, 2009-09-08, 1.0
91.07, 2009-09-09, 1.0
91.75, 2009-09-10, 1.0
92.02, 2009-09-11, 1.0
91.48, 2009-09-14, 1.0
91.29, 2009-09-15, 1.0
91.22, 2009-09-16, 1.0
91.67, 2009-09-17, 1.0
91.18, 2009-09-18, 1.0
91.12, 2009-09-21, 1.0
91.36, 2009-09-22, 1.0
91.56, 2009-09-23, 1.0
91.81, 2009-09-24, 1.0
92.18, 2009-09-25, 1.0
92.34, 2009-09-28, 1.0
92.3, 2009-09-29, 1.0
92.37, 2009-09-30, 1.0
92.81, 2009-10-01, 1.0
92.77, 2009-10-02, 1.0
92.76, 2009-10-05, 1.0
92.46, 2009-10-06, 1.0
93.05, 2009-10-07, 1.0
92.71, 2009-10-08, 1.0
91.82, 2009-10-09, 1.0
92.09, 2009-10-12, 1.0
92.3, 2009-10-13, 1.0
91.67, 2009-10-14, 1.0
91.37, 2009-10-15, 1.0
91.79, 2009-10-16, 1.0
91.93, 2009-10-19, 1.0
92.14, 2009-10-20, 1.0
91.93, 2009-10-21, 1.0
91.66, 2009-10-22, 1.0
91.21, 2009-10-23, 1.0
90.69, 2009-10-26, 1.0
91.47, 2009-10-27, 1.0
91.75, 2009-10-28, 1.0
91.31, 2009-10-29, 1.0
91.99, 2009-10-30, 1.0
90.98, 2009-11-02, 1.0
90.77, 2009-11-03, 1.0
90.52, 2009-11-04, 1.0
90.54, 2009-11-05, 1.0
90.81, 2009-11-06, 1.0
90.85, 2009-11-09, 1.0
90.92, 2009-11-10, 1.0
91.18, 2009-11-11, 1.0
91.21, 2009-11-12, 1.0
91.28, 2009-11-13, 1.0
91.77, 2009-11-16, 1.0
91.97, 2009-11-17, 1.0
91.74, 2009-11-18, 1.0
91.85, 2009-11-19, 1.0
91.84, 2009-11-20, 1.0
91.71, 2009-11-23, 1.0
92.18, 2009-11-24, 1.0
92.49, 2009-11-25, 1.0
92.91, 2009-11-27, 1.0
93.06, 2009-11-30, 1.0
92.34, 2009-12-01, 1.0
92.15, 2009-12-02, 1.0
91.72, 2009-12-03, 1.0
91.04, 2009-12-04, 1.0
91.29, 2009-12-07, 1.0
91.61, 2009-12-08, 1.0
91.43, 2009-12-09, 1.0
91.12, 2009-12-10, 1.0
90.67, 2009-12-11, 1.0
90.67, 2009-12-14, 1.0
90.38, 2009-12-15, 1.0
90.38, 2009-12-16, 1.0
91.18, 2009-12-17, 1.0
90.73, 2009-12-18, 1.0
89.8, 2009-12-21, 1.0
89.4, 2009-12-22, 1.0
89.36, 2009-12-23, 1.0
89.04, 2009-12-24, 1.0
88.8, 2009-12-28, 1.0
88.87, 2009-12-29, 1.0
89.03, 2009-12-30, 1.0
88.6, 2009-12-31, 1.0
88.82, 2010-01-04, 1.0
89.21, 2010-01-05, 1.0
88.85, 2010-01-06, 1.0
88.85, 2010-01-07, 1.0
88.96, 2010-01-08, 1.0
89.02, 2010-01-11, 1.0
89.66, 2010-01-12, 1.0
89.23, 2010-01-13, 1.0
89.65, 2010-01-14, 1.0
90.05, 2010-01-15, 1.0
89.89, 2010-01-19, 1.0
90.2, 2010-01-20, 1.0
90.53, 2010-01-21, 1.0
90.61, 2010-01-22, 1.0
90.41, 2010-01-25, 1.0
90.59, 2010-01-26, 1.0
90.38, 2010-01-27, 1.0
90.35, 2010-01-28, 1.0
90.7, 2010-01-29, 1.0
90.09, 2010-02-01, 1.0
90.24, 2010-02-02, 1.0
89.81, 2010-02-03, 1.0
90.55, 2010-02-04, 1.0
90.84, 2010-02-05, 1.0
90.76, 2010-02-08, 1.0
90.27, 2010-02-09, 1.0
90.02, 2010-02-10, 1.0
89.91, 2010-02-11, 1.0
90.12, 2010-02-12, 1.0
90.32, 2010-02-16, 1.0
89.84, 2010-02-17, 1.0
89.52, 2010-02-18, 1.0
89.57, 2010-02-19, 1.0
89.5, 2010-02-22, 1.0
90.18, 2010-02-23, 1.0
90.23, 2010-02-24, 1.0
90.56, 2010-02-25, 1.0
90.7, 2010-02-26, 1.0
90.55, 2010-03-01, 1.0
90.6, 2010-03-02, 1.0
90.51, 2010-03-03, 1.0
90.67, 2010-03-04, 1.0
90.24, 2010-03-05, 1.0
90.0, 2010-03-08, 1.0
90.23, 2010-03-09, 1.0
90.08, 2010-03-10, 1.0
90.0, 2010-03-11, 1.0
90.14, 2010-03-12, 1.0
90.14, 2010-03-15, 1.0
90.49, 2010-03-16, 1.0
90.6, 2010-03-17, 1.0
90.36, 2010-03-18, 1.0
90.24, 2010-03-19, 1.0
90.54, 2010-03-22, 1.0
90.35, 2010-03-23, 1.0
89.45, 2010-03-24, 1.0
89.12, 2010-03-25, 1.0
89.33, 2010-03-26, 1.0
89.2, 2010-03-29, 1.0
89.29, 2010-03-30, 1.0
89.5, 2010-03-31, 1.0
89.06, 2010-04-01, 1.0
88.26, 2010-04-05, 1.0
88.52, 2010-04-06, 1.0
89.07, 2010-04-07, 1.0
88.97, 2010-04-08, 1.0
89.07, 2010-04-09, 1.0
89.31, 2010-04-12, 1.0
89.48, 2010-04-13, 1.0
89.24, 2010-04-14, 1.0
89.39, 2010-04-15, 1.0
89.93, 2010-04-16, 1.0
89.71, 2010-04-19, 1.0
89.75, 2010-04-20, 1.0
90.04, 2010-04-21, 1.0
89.83, 2010-04-22, 1.0
89.58, 2010-04-23, 1.0
89.64, 2010-04-26, 1.0
90.48, 2010-04-27, 1.0
90.02, 2010-04-28, 1.0
90.17, 2010-04-29, 1.0
90.72, 2010-04-30, 1.0
90.21, 2010-05-03, 1.0
90.82, 2010-05-04, 1.0
91.17, 2010-05-05, 1.0
92.17, 2010-05-06, 1.0
91.92, 2010-05-07, 1.0
91.22, 2010-05-10, 1.0
91.33, 2010-05-11, 1.0
91.1, 2010-05-12, 1.0
91.35, 2010-05-13, 1.0
91.94, 2010-05-14, 1.0
91.74, 2010-05-17, 1.0
92.41, 2010-05-18, 1.0
92.49, 2010-05-19, 1.0
93.39, 2010-05-20, 1.0
93.44, 2010-05-21, 1.0
93.44, 2010-05-24, 1.0
93.76, 2010-05-25, 1.0
93.57, 2010-05-26, 1.0
92.68, 2010-05-27, 1.0
93.1, 2010-05-28, 1.0
92.96, 2010-06-01, 1.0
92.43, 2010-06-02, 1.0
92.3, 2010-06-03, 1.0
93.58, 2010-06-04, 1.0
93.96, 2010-06-07, 1.0
93.67, 2010-06-08, 1.0
93.68, 2010-06-09, 1.0
92.81, 2010-06-10, 1.0
93.4, 2010-06-11, 1.0
93.32, 2010-06-14, 1.0
93.03, 2010-06-15, 1.0
93.29, 2010-06-16, 1.0
93.73, 2010-06-17, 1.0
93.54, 2010-06-18, 1.0
93.47, 2010-06-21, 1.0
94.03, 2010-06-22, 1.0
94.38, 2010-06-23, 1.0
94.3, 2010-06-24, 1.0
94.45, 2010-06-25, 1.0
95.12, 2010-06-28, 1.0
95.53, 2010-06-29, 1.0
95.67, 2010-06-30, 1.0
95.38, 2010-07-01, 1.0
95.21, 2010-07-02, 1.0
95.44, 2010-07-06, 1.0
95.14, 2010-07-07, 1.0
94.91, 2010-07-08, 1.0
94.66, 2010-07-09, 1.0
94.82, 2010-07-12, 1.0
94.35, 2010-07-13, 1.0
94.82, 2010-07-14, 1.0
95.31, 2010-07-15, 1.0
95.86, 2010-07-16, 1.0
95.61, 2010-07-19, 1.0
95.71, 2010-07-20, 1.0
96.32, 2010-07-21, 1.0
95.79, 2010-07-22, 1.0
95.48, 2010-07-23, 1.0
95.45, 2010-07-26, 1.0
95.12, 2010-07-27, 1.0
95.53, 2010-07-28, 1.0
95.73, 2010-07-29, 1.0
96.29, 2010-07-30, 1.0
95.74, 2010-08-02, 1.0
96.19, 2010-08-03, 1.0
95.79, 2010-08-04, 1.0
96.25, 2010-08-05, 1.0
96.88, 2010-08-06, 1.0
96.86, 2010-08-09, 1.0
97.35, 2010-08-10, 1.0
97.9, 2010-08-11, 1.0
97.65, 2010-08-12, 1.0
98.07, 2010-08-13, 1.0
98.78, 2010-08-16, 1.0
98.28, 2010-08-17, 1.0
98.18, 2010-08-18, 1.0
98.62, 2010-08-19, 1.0
98.3, 2010-08-20, 1.0
98.43, 2010-08-23, 1.0
99.21, 2010-08-24, 1.0
98.76, 2010-08-25, 1.0
99.21, 2010-08-26, 1.0
98.07, 2010-08-27, 1.0
98.82, 2010-08-30, 1.0
99.26, 2010-08-31, 1.0
98.3, 2010-09-01, 1.0
97.89, 2010-09-02, 1.0
97.33, 2010-09-03, 1.0
98.1, 2010-09-07, 1.0
97.83, 2010-09-08, 1.0
97.06, 2010-09-09, 1.0
96.78, 2010-09-10, 1.0
97.24, 2010-09-13, 1.0
97.73, 2010-09-14, 1.0
97.39, 2010-09-15, 1.0
97.05, 2010-09-16, 1.0
97.27, 2010-09-17, 1.0
97.57, 2010-09-20, 1.0
98.48, 2010-09-21, 1.0
98.63, 2010-09-22, 1.0
98.77, 2010-09-23, 1.0
98.28, 2010-09-24, 1.0
99.04, 2010-09-27, 1.0
99.37, 2010-09-28, 1.0
99.13, 2010-09-29, 1.0
99.01, 2010-09-30, 1.0
98.83, 2010-10-01, 1.0
99.18, 2010-10-04, 1.0
99.2, 2010-10-05, 1.0
99.84, 2010-10-06, 1.0
99.94, 2010-10-07, 1.0
99.98, 2010-10-08, 1.0
100.08, 2010-10-11, 1.0
99.79, 2010-10-12, 1.0
99.79, 2010-10-13, 1.0
99.22, 2010-10-14, 1.0
98.79, 2010-10-15, 1.0
99.26, 2010-10-18, 1.0
99.6, 2010-10-19, 1.0
99.54, 2010-10-20, 1.0
98.99, 2010-10-21, 1.0
99.02, 2010-10-22, 1.0
98.99, 2010-10-25, 1.0
98.33, 2010-10-26, 1.0
97.76, 2010-10-27, 1.0
98.33, 2010-10-28, 1.0
98.77, 2010-10-29, 1.0
98.37, 2010-11-01, 1.0
98.7, 2010-11-02, 1.0
99.02, 2010-11-03, 1.0
99.82, 2010-11-04, 1.0
99.4, 2010-11-05, 1.0
99.43, 2010-11-08, 1.0
98.59, 2010-11-09, 1.0
98.96, 2010-11-10, 1.0
98.85, 2010-11-11, 1.0
98.03, 2010-11-12, 1.0
96.77, 2010-11-15, 1.0
97.49, 2010-11-16, 1.0
97.21, 2010-11-17, 1.0
96.98, 2010-11-18, 1.0
97.18, 2010-11-19, 1.0
97.7, 2010-11-22, 1.0
97.9, 2010-11-23, 1.0
96.85, 2010-11-24, 1.0
97.27, 2010-11-26, 1.0
97.48, 2010-11-29, 1.0
97.65, 2010-11-30, 1.0
96.13, 2010-12-01, 1.0
95.89, 2010-12-02, 1.0
95.9, 2010-12-03, 1.0
96.5, 2010-12-06, 1.0
94.9, 2010-12-07, 1.0
94.09, 2010-12-08, 1.0
94.29, 2010-12-09, 1.0
93.49, 2010-12-10, 1.0
93.79, 2010-12-13, 1.0
92.8, 2010-12-14, 1.0
92.42, 2010-12-15, 1.0
92.97, 2010-12-16, 1.0
93.77, 2010-12-17, 1.0
93.76, 2010-12-20, 1.0
93.96, 2010-12-21, 1.0
93.7, 2010-12-22, 1.0
93.37, 2010-12-23, 1.0
93.73, 2010-12-27, 1.0
92.5, 2010-12-28, 1.0
93.54, 2010-12-29, 1.0
93.35, 2010-12-30, 1.0
93.82, 2010-12-31, 1.0
93.53, 2011-01-03, 1.0
93.75, 2011-01-04, 1.0
92.74, 2011-01-05, 1.0
93.22, 2011-01-06, 1.0
93.84, 2011-01-07, 1.0
94.16, 2011-01-10, 1.0
93.79, 2011-01-11, 1.0
93.52, 2011-01-12, 1.0
94.15, 2011-01-13, 1.0
93.89, 2011-01-14, 1.0
93.66, 2011-01-18, 1.0
93.9, 2011-01-19, 1.0
93.17, 2011-01-20, 1.0
93.48, 2011-01-21, 1.0
93.49, 2011-01-24, 1.0
93.96, 2011-01-25, 1.0
93.39, 2011-01-26, 1.0
93.74, 2011-01-27, 1.0
94.17, 2011-01-28, 1.0
93.8, 2011-01-31, 1.0
93.13, 2011-02-01, 1.0
92.91, 2011-02-02, 1.0
92.38, 2011-02-03, 1.0
91.81, 2011-02-04, 1.0
91.77, 2011-02-07, 1.0
91.14, 2011-02-08, 1.0
91.66, 2011-02-09, 1.0
91.36, 2011-02-10, 1.0
91.78, 2011-02-11, 1.0
91.81, 2011-02-14, 1.0
92.02, 2011-02-15, 1.0
91.89, 2011-02-16, 1.0
92.23, 2011-02-17, 1.0
92.21, 2011-02-18, 1.0
93.1, 2011-02-22, 1.0
92.87, 2011-02-23, 1.0
93.11, 2011-02-24, 1.0
93.41, 2011-02-25, 1.0
93.37, 2011-02-28, 1.0
93.26, 2011-03-01, 1.0
92.77, 2011-03-02, 1.0
92.14, 2011-03-03, 1.0
92.8, 2011-03-04, 1.0
92.57, 2011-03-07, 1.0
92.35, 2011-03-08, 1.0
92.89, 2011-03-09, 1.0
93.68, 2011-03-10, 1.0
93.46, 2011-03-11, 1.0
93.67, 2011-03-14, 1.0
94.01, 2011-03-15, 1.0
94.81, 2011-03-16, 1.0
94.52, 2011-03-17, 1.0
94.46, 2011-03-18, 1.0
93.97, 2011-03-21, 1.0
94.02, 2011-03-22, 1.0
93.9, 2011-03-23, 1.0
93.42, 2011-03-24, 1.0
93.17, 2011-03-25, 1.0
93.2, 2011-03-28, 1.0
92.93, 2011-03-29, 1.0
93.25, 2011-03-30, 1.0
93.01, 2011-03-31, 1.0
92.96, 2011-04-01, 1.0
93.17, 2011-04-04, 1.0
92.7, 2011-04-05, 1.0
92.3, 2011-04-06, 1.0
92.31, 2011-04-07, 1.0
92.04, 2011-04-08, 1.0
92.16, 2011-04-11, 1.0
92.68, 2011-04-12, 1.0
93.04, 2011-04-13, 1.0
92.73, 2011-04-14, 1.0
93.41, 2011-04-15, 1.0
93.64, 2011-04-18, 1.0
93.76, 2011-04-19, 1.0
93.39, 2011-04-20, 1.0
93.46, 2011-04-21, 1.0
93.79, 2011-04-25, 1.0
94.19, 2011-04-26, 1.0
93.92, 2011-04-27, 1.0
94.28, 2011-04-28, 1.0
94.47, 2011-04-29, 1.0
94.2, 2011-05-02, 1.0
94.45, 2011-05-03, 1.0
94.69, 2011-05-04, 1.0
95.16, 2011-05-05, 1.0
95.21, 2011-05-06, 1.0
95.35, 2011-05-09, 1.0
94.89, 2011-05-10, 1.0
95.23, 2011-05-11, 1.0
95.02, 2011-05-12, 1.0
95.39, 2011-05-13, 1.0
95.62, 2011-05-16, 1.0
95.9, 2011-05-17, 1.0
95.35, 2011-05-18, 1.0
95.45, 2011-05-19, 1.0
95.68, 2011-05-20, 1.0
95.81, 2011-05-23, 1.0
95.91, 2011-05-24, 1.0
95.92, 2011-05-25, 1.0
96.45, 2011-05-26, 1.0
96.44, 2011-05-27, 1.0
96.59, 2011-05-31, 1.0
97.14, 2011-06-01, 1.0
96.56, 2011-06-02, 1.0
96.94, 2011-06-03, 1.0
96.88, 2011-06-06, 1.0
97.06, 2011-06-07, 1.0
97.27, 2011-06-08, 1.0
96.88, 2011-06-09, 1.0
97.19, 2011-06-10, 1.0
96.98, 2011-06-13, 1.0
96.21, 2011-06-14, 1.0
97.25, 2011-06-15, 1.0
97.52, 2011-06-16, 1.0
97.45, 2011-06-17, 1.0
97.3, 2011-06-20, 1.0
97.17, 2011-06-21, 1.0
97.13, 2011-06-22, 1.0
97.64, 2011-06-23, 1.0
98.05, 2011-06-24, 1.0
97.67, 2011-06-27, 1.0
96.77, 2011-06-28, 1.0
96.19, 2011-06-29, 1.0
95.86, 2011-06-30, 1.0
95.39, 2011-07-01, 1.0
95.99, 2011-07-05, 1.0
96.16, 2011-07-06, 1.0
95.79, 2011-07-07, 1.0
96.81, 2011-07-08, 1.0
97.55, 2011-07-11, 1.0
97.69, 2011-07-12, 1.0
97.85, 2011-07-13, 1.0
97.29, 2011-07-14, 1.0
97.69, 2011-07-15, 1.0
97.63, 2011-07-18, 1.0
98.0, 2011-07-19, 1.0
97.52, 2011-07-20, 1.0
96.98, 2011-07-21, 1.0
97.35, 2011-07-22, 1.0
97.04, 2011-07-25, 1.0
97.45, 2011-07-26, 1.0
97.29, 2011-07-27, 1.0
97.48, 2011-07-28, 1.0
98.66, 2011-07-29, 1.0
98.78, 2011-08-01, 1.0
99.69, 2011-08-02, 1.0
99.77, 2011-08-03, 1.0
101.09, 2011-08-04, 1.0
99.92, 2011-08-05, 1.0
101.51, 2011-08-08, 1.0
102.1, 2011-08-09, 1.0
103.45, 2011-08-10, 1.0
101.93, 2011-08-11, 1.0
102.64, 2011-08-12, 1.0
102.26, 2011-08-15, 1.0
102.73, 2011-08-16, 1.0
103.45, 2011-08-17, 1.0
103.99, 2011-08-18, 1.0
104.1, 2011-08-19, 1.0
103.91, 2011-08-22, 1.0
103.49, 2011-08-23, 1.0
102.38, 2011-08-24, 1.0
103.01, 2011-08-25, 1.0
103.34, 2011-08-26, 1.0
102.66, 2011-08-29, 1.0
103.37, 2011-08-30, 1.0
103.0, 2011-08-31, 1.0
103.59, 2011-09-01, 1.0
104.54, 2011-09-02, 1.0
104.68, 2011-09-06, 1.0
104.12, 2011-09-07, 1.0
104.63, 2011-09-08, 1.0
105.14, 2011-09-09, 1.0
104.82, 2011-09-12, 1.0
104.51, 2011-09-13, 1.0
104.57, 2011-09-14, 1.0
103.79, 2011-09-15, 1.0
103.99, 2011-09-16, 1.0
104.84, 2011-09-19, 1.0
104.98, 2011-09-20, 1.0
105.43, 2011-09-21, 1.0
106.41, 2011-09-22, 1.0
105.53, 2011-09-23, 1.0
105.09, 2011-09-26, 1.0
104.39, 2011-09-27, 1.0
104.41, 2011-09-28, 1.0
104.41, 2011-09-29, 1.0
105.07, 2011-09-30, 1.0
105.83, 2011-10-03, 1.0
105.29, 2011-10-04, 1.0
104.85, 2011-10-05, 1.0
104.12, 2011-10-06, 1.0
103.58, 2011-10-07, 1.0
102.49, 2011-10-10, 1.0
102.83, 2011-10-11, 1.0
102.48, 2011-10-12, 1.0
102.89, 2011-10-13, 1.0
102.38, 2011-10-14, 1.0
103.05, 2011-10-17, 1.0
102.94, 2011-10-18, 1.0
103.1, 2011-10-19, 1.0
102.89, 2011-10-20, 1.0
102.7, 2011-10-21, 1.0
102.65, 2011-10-24, 1.0
103.53, 2011-10-25, 1.0
102.77, 2011-10-26, 1.0
101.53, 2011-10-27, 1.0
102.14, 2011-10-28, 1.0
103.51, 2011-10-31, 1.0
104.54, 2011-11-01, 1.0
104.29, 2011-11-02, 1.0
103.8, 2011-11-03, 1.0
104.11, 2011-11-04, 1.0
104.23, 2011-11-07, 1.0
103.76, 2011-11-08, 1.0
104.68, 2011-11-09, 1.0
104.17, 2011-11-10, 1.0
103.69, 2011-11-11, 1.0
104.34, 2011-11-14, 1.0
104.2, 2011-11-15, 1.0
104.58, 2011-11-16, 1.0
104.79, 2011-11-17, 1.0
104.4, 2011-11-18, 1.0
104.69, 2011-11-21, 1.0
105.01, 2011-11-22, 1.0
105.37, 2011-11-23, 1.0
104.7, 2011-11-25, 1.0
104.71, 2011-11-28, 1.0
104.51, 2011-11-29, 1.0
103.9, 2011-11-30, 1.0
103.67, 2011-12-01, 1.0
104.13, 2011-12-02, 1.0
104.07, 2011-12-05, 1.0
103.8, 2011-12-06, 1.0
104.27, 2011-12-07, 1.0
104.8, 2011-12-08, 1.0
104.08, 2011-12-09, 1.0
104.44, 2011-12-12, 1.0
104.92, 2011-12-13, 1.0
105.36, 2011-12-14, 1.0
105.27, 2011-12-15, 1.0
105.78, 2011-12-16, 1.0
106.14, 2011-12-19, 1.0
105.18, 2011-12-20, 1.0
104.84, 2011-12-21, 1.0
104.97, 2011-12-22, 1.0
104.54, 2011-12-23, 1.0
104.41, 2011-12-27, 1.0
105.07, 2011-12-28, 1.0
105.2, 2011-12-29, 1.0
105.57, 2011-12-30, 1.0
104.9, 2012-01-03, 1.0
104.57, 2012-01-04, 1.0
104.59, 2012-01-05, 1.0
105.0, 2012-01-06, 1.0
105.02, 2012-01-09, 1.0
104.81, 2012-01-10, 1.0
105.42, 2012-01-11, 1.0
105.2, 2012-01-12, 1.0
105.67, 2012-01-13, 1.0
105.77, 2012-01-17, 1.0
105.44, 2012-01-18, 1.0
104.81, 2012-01-19, 1.0
104.45, 2012-01-20, 1.0
104.22, 2012-01-23, 1.0
104.34, 2012-01-24, 1.0
104.84, 2012-01-25, 1.0
105.4, 2012-01-26, 1.0
105.72, 2012-01-27, 1.0
106.08, 2012-01-30, 1.0
106.48, 2012-01-31, 1.0
105.92, 2012-02-01, 1.0
106.07, 2012-02-02, 1.0
105.23, 2012-02-03, 1.0
105.52, 2012-02-06, 1.0
104.84, 2012-02-07, 1.0
104.89, 2012-02-08, 1.0
104.65, 2012-02-09, 1.0
105.24, 2012-02-10, 1.0
105.17, 2012-02-13, 1.0
105.39, 2012-02-14, 1.0
105.47, 2012-02-15, 1.0
104.99, 2012-02-16, 1.0
104.88, 2012-02-17, 1.0
104.5, 2012-02-21, 1.0
104.91, 2012-02-22, 1.0
105.06, 2012-02-23, 1.0
105.14, 2012-02-24, 1.0
105.49, 2012-02-27, 1.0
105.54, 2012-02-28, 1.0
105.12, 2012-02-29, 1.0
104.61, 2012-03-01, 1.0
105.03, 2012-03-02, 1.0
104.82, 2012-03-05, 1.0
105.26, 2012-03-06, 1.0
105.06, 2012-03-07, 1.0
104.75, 2012-03-08, 1.0
104.67, 2012-03-09, 1.0
104.64, 2012-03-12, 1.0
103.89, 2012-03-13, 1.0
102.7, 2012-03-14, 1.0
102.67, 2012-03-15, 1.0
102.64, 2012-03-16, 1.0
102.01, 2012-03-19, 1.0
102.06, 2012-03-20, 1.0
102.58, 2012-03-21, 1.0
102.71, 2012-03-22, 1.0
103.09, 2012-03-23, 1.0
102.97, 2012-03-26, 1.0
103.54, 2012-03-27, 1.0
103.36, 2012-03-28, 1.0
103.79, 2012-03-29, 1.0
103.28, 2012-03-30, 1.0
103.35, 2012-04-02, 1.0
102.59, 2012-04-03, 1.0
103.11, 2012-04-04, 1.0
103.57, 2012-04-05, 1.0
104.63, 2012-04-09, 1.0
105.12, 2012-04-10, 1.0
104.71, 2012-04-11, 1.0
104.5, 2012-04-12, 1.0
105.13, 2012-04-13, 1.0
105.1, 2012-04-16, 1.0
104.99, 2012-04-17, 1.0
105.2, 2012-04-18, 1.0
105.32, 2012-04-19, 1.0
105.33, 2012-04-20, 1.0
105.54, 2012-04-23, 1.0
105.27, 2012-04-24, 1.0
105.14, 2012-04-25, 1.0
105.49, 2012-04-26, 1.0
105.6, 2012-04-27, 1.0
105.69, 2012-04-30, 1.0
105.33, 2012-05-01, 1.0
105.53, 2012-05-02, 1.0
105.52, 2012-05-03, 1.0
105.94, 2012-05-04, 1.0
105.91, 2012-05-07, 1.0
106.15, 2012-05-08, 1.0
106.24, 2012-05-09, 1.0
106.09, 2012-05-10, 1.0
106.44, 2012-05-11, 1.0
106.91, 2012-05-14, 1.0
106.94, 2012-05-15, 1.0
107.02, 2012-05-16, 1.0
107.42, 2012-05-17, 1.0
107.35, 2012-05-18, 1.0
107.07, 2012-05-21, 1.0
106.84, 2012-05-22, 1.0
107.12, 2012-05-23, 1.0
106.89, 2012-05-24, 1.0
107.2, 2012-05-25, 1.0
107.11, 2012-05-29, 1.0
108.13, 2012-05-30, 1.0
108.55, 2012-05-31, 1.0
109.31, 2012-06-01, 1.0
108.68, 2012-06-04, 1.0
108.32, 2012-06-05, 1.0
107.61, 2012-06-06, 1.0
107.87, 2012-06-07, 1.0
107.95, 2012-06-08, 1.0
108.24, 2012-06-11, 1.0
107.66, 2012-06-12, 1.0
108.23, 2012-06-13, 1.0
107.94, 2012-06-14, 1.0
108.44, 2012-06-15, 1.0
108.41, 2012-06-18, 1.0
108.04, 2012-06-19, 1.0
107.82, 2012-06-20, 1.0
108.05, 2012-06-21, 1.0
107.58, 2012-06-22, 1.0
108.17, 2012-06-25, 1.0
107.93, 2012-06-26, 1.0
108.08, 2012-06-27, 1.0
108.43, 2012-06-28, 1.0
107.93, 2012-06-29, 1.0
108.27, 2012-07-02, 1.0
108.0, 2012-07-03, 1.0
108.29, 2012-07-05, 1.0
108.67, 2012-07-06, 1.0
108.97, 2012-07-09, 1.0
109.02, 2012-07-10, 1.0
108.92, 2012-07-11, 1.0
109.17, 2012-07-12, 1.0
109.08, 2012-07-13, 1.0
109.32, 2012-07-16, 1.0
109.04, 2012-07-17, 1.0
109.15, 2012-07-18, 1.0
108.99, 2012-07-19, 1.0
109.42, 2012-07-20, 1.0
109.6, 2012-07-23, 1.0
109.81, 2012-07-24, 1.0
109.87, 2012-07-25, 1.0
109.53, 2012-07-26, 1.0
108.74, 2012-07-27, 1.0
109.09, 2012-07-30, 1.0
109.28, 2012-07-31, 1.0
108.72, 2012-08-01, 1.0
108.98, 2012-08-02, 1.0
108.41, 2012-08-03, 1.0
108.48, 2012-08-06, 1.0
107.91, 2012-08-07, 1.0
107.76, 2012-08-08, 1.0
107.68, 2012-08-09, 1.0
107.99, 2012-08-10, 1.0
107.92, 2012-08-13, 1.0
107.39, 2012-08-14, 1.0
106.85, 2012-08-15, 1.0
106.59, 2012-08-16, 1.0
106.72, 2012-08-17, 1.0
106.78, 2012-08-20, 1.0
106.87, 2012-08-21, 1.0
107.7, 2012-08-22, 1.0
107.89, 2012-08-23, 1.0
107.84, 2012-08-24, 1.0
108.12, 2012-08-27, 1.0
108.16, 2012-08-28, 1.0
108.09, 2012-08-29, 1.0
108.29, 2012-08-30, 1.0
108.99, 2012-08-31, 1.0
108.59, 2012-09-04, 1.0
108.55, 2012-09-05, 1.0
107.81, 2012-09-06, 1.0
107.95, 2012-09-07, 1.0
108.0, 2012-09-10, 1.0
107.8, 2012-09-11, 1.0
107.27, 2012-09-12, 1.0
107.58, 2012-09-13, 1.0
106.57, 2012-09-14, 1.0
106.79, 2012-09-17, 1.0
107.06, 2012-09-18, 1.0
107.31, 2012-09-19, 1.0
107.37, 2012-09-20, 1.0
107.6, 2012-09-21, 1.0
107.84, 2012-09-24, 1.0
108.24, 2012-09-25, 1.0
108.69, 2012-09-26, 1.0
108.46, 2012-09-27, 1.0
108.46, 2012-09-28, 1.0
108.52, 2012-10-01, 1.0
108.45, 2012-10-02, 1.0
108.56, 2012-10-03, 1.0
108.13, 2012-10-04, 1.0
107.64, 2012-10-05, 1.0
107.99, 2012-10-08, 1.0
107.77, 2012-10-09, 1.0
108.03, 2012-10-10, 1.0
108.13, 2012-10-11, 1.0
108.14, 2012-10-12, 1.0
108.17, 2012-10-15, 1.0
107.66, 2012-10-16, 1.0
106.98, 2012-10-17, 1.0
106.79, 2012-10-18, 1.0
107.24, 2012-10-19, 1.0
106.88, 2012-10-22, 1.0
107.39, 2012-10-23, 1.0
107.16, 2012-10-24, 1.0
106.77, 2012-10-25, 1.0
107.45, 2012-10-26, 1.0
107.89, 2012-10-31, 1.0
107.53, 2012-11-01, 1.0
107.62, 2012-11-02, 1.0
107.88, 2012-11-05, 1.0
107.39, 2012-11-06, 1.0
108.29, 2012-11-07, 1.0
108.77, 2012-11-08, 1.0
108.78, 2012-11-09, 1.0
108.85, 2012-11-12, 1.0
108.98, 2012-11-13, 1.0
109.01, 2012-11-14, 1.0
108.96, 2012-11-15, 1.0
109.03, 2012-11-16, 1.0
108.81, 2012-11-19, 1.0
108.36, 2012-11-20, 1.0
108.2, 2012-11-21, 1.0
108.14, 2012-11-23, 1.0
108.32, 2012-11-26, 1.0
108.57, 2012-11-27, 1.0
108.71, 2012-11-28, 1.0
108.82, 2012-11-29, 1.0
108.8, 2012-11-30, 1.0
108.62, 2012-12-03, 1.0
108.81, 2012-12-04, 1.0
108.9, 2012-12-05, 1.0
108.96, 2012-12-06, 1.0
108.65, 2012-12-07, 1.0
108.75, 2012-12-10, 1.0
108.54, 2012-12-11, 1.0
108.08, 2012-12-12, 1.0
107.87, 2012-12-13, 1.0
108.11, 2012-12-14, 1.0
107.54, 2012-12-17, 1.0
107.12, 2012-12-18, 1.0
107.27, 2012-12-19, 1.0
107.34, 2012-12-20, 1.0
107.63, 2012-12-21, 1.0
107.52, 2012-12-24, 1.0
107.59, 2012-12-26, 1.0
107.81, 2012-12-27, 1.0
108.06, 2012-12-28, 1.0
107.49, 2012-12-31, 1.0
107.0, 2013-01-02, 1.0
106.45, 2013-01-03, 1.0
106.5, 2013-01-04, 1.0
106.56, 2013-01-07, 1.0
106.82, 2013-01-08, 1.0
106.88, 2013-01-09, 1.0
106.57, 2013-01-10, 1.0
106.91, 2013-01-11, 1.0
106.87, 2013-01-14, 1.0
107.13, 2013-01-15, 1.0
107.27, 2013-01-16, 1.0
106.78, 2013-01-17, 1.0
107.08, 2013-01-18, 1.0
107.17, 2013-01-22, 1.0
107.22, 2013-01-23, 1.0
107.04, 2013-01-24, 1.0
106.33, 2013-01-25, 1.0
106.11, 2013-01-28, 1.0
105.95, 2013-01-29, 1.0
106.01, 2013-01-30, 1.0
106.1, 2013-01-31, 1.0
105.6, 2013-02-01, 1.0
106.21, 2013-02-04, 1.0
105.83, 2013-02-05, 1.0
106.15, 2013-02-06, 1.0
106.2, 2013-02-07, 1.0
106.28, 2013-02-08, 1.0
106.17, 2013-02-11, 1.0
106.06, 2013-02-12, 1.0
105.69, 2013-02-13, 1.0
106.14, 2013-02-14, 1.0
106.04, 2013-02-15, 1.0
105.87, 2013-02-19, 1.0
106.1, 2013-02-20, 1.0
106.31, 2013-02-21, 1.0
106.44, 2013-02-22, 1.0
107.26, 2013-02-25, 1.0
107.06, 2013-02-26, 1.0
107.01, 2013-02-27, 1.0
107.16, 2013-02-28, 1.0
107.3, 2013-03-01, 1.0
107.05, 2013-03-04, 1.0
106.94, 2013-03-05, 1.0
106.6, 2013-03-06, 1.0
106.19, 2013-03-07, 1.0
105.65, 2013-03-08, 1.0
105.7, 2013-03-11, 1.0
105.99, 2013-03-12, 1.0
105.9, 2013-03-13, 1.0
105.93, 2013-03-14, 1.0
106.3, 2013-03-15, 1.0
106.65, 2013-03-18, 1.0
106.98, 2013-03-19, 1.0
106.57, 2013-03-20, 1.0
106.85, 2013-03-21, 1.0
106.89, 2013-03-22, 1.0
106.97, 2013-03-25, 1.0
107.08, 2013-03-26, 1.0
107.54, 2013-03-27, 1.0
107.34, 2013-03-28, 1.0
107.48, 2013-04-01, 1.0
107.27, 2013-04-02, 1.0
107.72, 2013-04-03, 1.0
108.15, 2013-04-04, 1.0
108.49, 2013-04-05, 1.0
108.14, 2013-04-08, 1.0
108.18, 2013-04-09, 1.0
107.73, 2013-04-10, 1.0
107.85, 2013-04-11, 1.0
108.45, 2013-04-12, 1.0
108.69, 2013-04-15, 1.0
108.38, 2013-04-16, 1.0
108.58, 2013-04-17, 1.0
108.64, 2013-04-18, 1.0
108.58, 2013-04-19, 1.0
108.64, 2013-04-22, 1.0
108.57, 2013-04-23, 1.0
108.62, 2013-04-24, 1.0
108.5, 2013-04-25, 1.0
108.89, 2013-04-26, 1.0
108.85, 2013-04-29, 1.0
108.83, 2013-04-30, 1.0
109.05, 2013-05-01, 1.0
109.05, 2013-05-02, 1.0
108.12, 2013-05-03, 1.0
107.98, 2013-05-06, 1.0
107.83, 2013-05-07, 1.0
107.96, 2013-05-08, 1.0
107.94, 2013-05-09, 1.0
107.33, 2013-05-10, 1.0
107.14, 2013-05-13, 1.0
106.71, 2013-05-14, 1.0
106.99, 2013-05-15, 1.0
107.5, 2013-05-16, 1.0
106.92, 2013-05-17, 1.0
106.84, 2013-05-20, 1.0
107.12, 2013-05-21, 1.0
106.27, 2013-05-22, 1.0
106.38, 2013-05-23, 1.0
106.42, 2013-05-24, 1.0
105.17, 2013-05-28, 1.0
105.6, 2013-05-29, 1.0
105.61, 2013-05-30, 1.0
105.32, 2013-05-31, 1.0
105.33, 2013-06-03, 1.0
105.06, 2013-06-04, 1.0
105.57, 2013-06-05, 1.0
105.7, 2013-06-06, 1.0
104.88, 2013-06-07, 1.0
104.62, 2013-06-10, 1.0
104.88, 2013-06-11, 1.0
104.41, 2013-06-12, 1.0
105.2, 2013-06-13, 1.0
105.34, 2013-06-14, 1.0
105.09, 2013-06-17, 1.0
105.03, 2013-06-18, 1.0
103.59, 2013-06-19, 1.0
103.12, 2013-06-20, 1.0
102.03, 2013-06-21, 1.0
101.78, 2013-06-24, 1.0
101.66, 2013-06-25, 1.0
102.07, 2013-06-26, 1.0
102.62, 2013-06-27, 1.0
102.5, 2013-06-28, 1.0
102.4, 2013-07-01, 1.0
102.44, 2013-07-02, 1.0
102.24, 2013-07-03, 1.0
100.52, 2013-07-05, 1.0
101.11, 2013-07-08, 1.0
101.28, 2013-07-09, 1.0
100.92, 2013-07-10, 1.0
101.93, 2013-07-11, 1.0
101.85, 2013-07-12, 1.0
102.17, 2013-07-15, 1.0
102.22, 2013-07-16, 1.0
102.67, 2013-07-17, 1.0
102.19, 2013-07-18, 1.0
102.75, 2013-07-19, 1.0
102.74, 2013-07-22, 1.0
102.62, 2013-07-23, 1.0
101.93, 2013-07-24, 1.0
102.08, 2013-07-25, 1.0
102.17, 2013-07-26, 1.0
101.96, 2013-07-29, 1.0
101.93, 2013-07-30, 1.0
102.0, 2013-07-31, 1.0
100.96, 2013-08-01, 1.0
101.82, 2013-08-02, 1.0
101.5, 2013-08-05, 1.0
101.53, 2013-08-06, 1.0
101.9, 2013-08-07, 1.0
102.05, 2013-08-08, 1.0
102.12, 2013-08-09, 1.0
101.92, 2013-08-12, 1.0
101.0, 2013-08-13, 1.0
101.09, 2013-08-14, 1.0
100.53, 2013-08-15, 1.0
100.14, 2013-08-16, 1.0
99.71, 2013-08-19, 1.0
100.25, 2013-08-20, 1.0
99.62, 2013-08-21, 1.0
99.58, 2013-08-22, 1.0
100.14, 2013-08-23, 1.0
100.34, 2013-08-26, 1.0
100.91, 2013-08-27, 1.0
100.5, 2013-08-28, 1.0
100.6, 2013-08-29, 1.0
100.41, 2013-08-30, 1.0
99.69, 2013-09-03, 1.0
99.36, 2013-09-04, 1.0
98.6, 2013-09-05, 1.0
99.2, 2013-09-06, 1.0
99.4, 2013-09-09, 1.0
98.94, 2013-09-10, 1.0
99.44, 2013-09-11, 1.0
99.45, 2013-09-12, 1.0
99.58, 2013-09-13, 1.0
99.8, 2013-09-16, 1.0
100.0, 2013-09-17, 1.0
101.24, 2013-09-18, 1.0
100.89, 2013-09-19, 1.0
100.99, 2013-09-20, 1.0
101.37, 2013-09-23, 1.0
101.74, 2013-09-24, 1.0
102.02, 2013-09-25, 1.0
101.8, 2013-09-26, 1.0
101.94, 2013-09-27, 1.0
102.11, 2013-09-30, 1.0
101.73, 2013-10-01, 1.0
101.9, 2013-10-02, 1.0
102.04, 2013-10-03, 1.0
101.76, 2013-10-04, 1.0
101.85, 2013-10-07, 1.0
101.8, 2013-10-08, 1.0
101.62, 2013-10-09, 1.0
101.4, 2013-10-10, 1.0
101.55, 2013-10-11, 1.0
101.21, 2013-10-14, 1.0
101.23, 2013-10-15, 1.0
101.72, 2013-10-16, 1.0
102.3, 2013-10-17, 1.0
102.31, 2013-10-18, 1.0
102.24, 2013-10-21, 1.0
102.95, 2013-10-22, 1.0
103.13, 2013-10-23, 1.0
102.92, 2013-10-24, 1.0
103.1, 2013-10-25, 1.0
103.0, 2013-10-28, 1.0
103.14, 2013-10-29, 1.0
102.87, 2013-10-30, 1.0
102.75, 2013-10-31, 1.0
102.02, 2013-11-01, 1.0
102.22, 2013-11-04, 1.0
101.76, 2013-11-05, 1.0
102.07, 2013-11-06, 1.0
102.34, 2013-11-07, 1.0
101.19, 2013-11-08, 1.0
101.14, 2013-11-11, 1.0
101.05, 2013-11-12, 1.0
101.47, 2013-11-13, 1.0
101.96, 2013-11-14, 1.0
101.88, 2013-11-15, 1.0
102.24, 2013-11-18, 1.0
101.86, 2013-11-19, 1.0
101.3, 2013-11-20, 1.0
101.39, 2013-11-21, 1.0
101.68, 2013-11-22, 1.0
101.76, 2013-11-25, 1.0
101.98, 2013-11-26, 1.0
101.75, 2013-11-27, 1.0
101.69, 2013-11-29, 1.0
101.09, 2013-12-02, 1.0
101.27, 2013-12-03, 1.0
100.81, 2013-12-04, 1.0
100.56, 2013-12-05, 1.0
100.65, 2013-12-06, 1.0
100.77, 2013-12-09, 1.0
101.19, 2013-12-10, 1.0
100.8, 2013-12-11, 1.0
100.51, 2013-12-12, 1.0
100.66, 2013-12-13, 1.0
100.61, 2013-12-16, 1.0
100.93, 2013-12-17, 1.0
100.55, 2013-12-18, 1.0
100.13, 2013-12-19, 1.0
100.44, 2013-12-20, 1.0
100.12, 2013-12-23, 1.0
99.73, 2013-12-24, 1.0
99.48, 2013-12-26, 1.0
99.42, 2013-12-27, 1.0
99.69, 2013-12-30, 1.0
99.24, 2013-12-31, 1.0
99.63, 2014-01-02, 1.0
99.57, 2014-01-03, 1.0
99.85, 2014-01-06, 1.0
100.01, 2014-01-07, 1.0
99.52, 2014-01-08, 1.0
99.78, 2014-01-09, 1.0
100.62, 2014-01-10, 1.0
100.91, 2014-01-13, 1.0
100.53, 2014-01-14, 1.0
100.44, 2014-01-15, 1.0
100.72, 2014-01-16, 1.0
100.96, 2014-01-17, 1.0
100.85, 2014-01-21, 1.0
100.57, 2014-01-22, 1.0
101.25, 2014-01-23, 1.0
101.66, 2014-01-24, 1.0
101.35, 2014-01-27, 1.0
101.5, 2014-01-28, 1.0
101.98, 2014-01-29, 1.0
101.88, 2014-01-30, 1.0
102.28, 2014-01-31, 1.0
102.66, 2014-02-03, 1.0
102.35, 2014-02-04, 1.0
101.98, 2014-02-05, 1.0
101.79, 2014-02-06, 1.0
102.06, 2014-02-07, 1.0
102.11, 2014-02-10, 1.0
101.66, 2014-02-11, 1.0
101.42, 2014-02-12, 1.0
101.9, 2014-02-13, 1.0
101.83, 2014-02-14, 1.0
102.08, 2014-02-18, 1.0
101.88, 2014-02-19, 1.0
101.77, 2014-02-20, 1.0
101.9, 2014-02-21, 1.0
101.8, 2014-02-24, 1.0
102.15, 2014-02-25, 1.0
102.45, 2014-02-26, 1.0
102.57, 2014-02-27, 1.0
102.47, 2014-02-28, 1.0
102.81, 2014-03-03, 1.0
102.02, 2014-03-04, 1.0
102.13, 2014-03-05, 1.0
101.69, 2014-03-06, 1.0
101.25, 2014-03-07, 1.0
101.36, 2014-03-10, 1.0
101.46, 2014-03-11, 1.0
101.86, 2014-03-12, 1.0
102.46, 2014-03-13, 1.0
102.47, 2014-03-14, 1.0
102.06, 2014-03-17, 1.0
102.31, 2014-03-18, 1.0
101.36, 2014-03-19, 1.0
101.38, 2014-03-20, 1.0
101.57, 2014-03-21, 1.0
101.61, 2014-03-24, 1.0
101.55, 2014-03-25, 1.0
101.98, 2014-03-26, 1.0
102.08, 2014-03-27, 1.0
101.72, 2014-03-28, 1.0
101.73, 2014-03-31, 1.0
101.33, 2014-04-01, 1.0
100.89, 2014-04-02, 1.0
100.96, 2014-04-03, 1.0
101.58, 2014-04-04, 1.0
101.82, 2014-04-07, 1.0
101.96, 2014-04-08, 1.0
101.93, 2014-04-09, 1.0
102.36, 2014-04-10, 1.0
102.57, 2014-04-11, 1.0
102.41, 2014-04-14, 1.0
102.53, 2014-04-15, 1.0
102.37, 2014-04-16, 1.0
101.79, 2014-04-17, 1.0
101.77, 2014-04-21, 1.0
101.73, 2014-04-22, 1.0
101.99, 2014-04-23, 1.0
101.96, 2014-04-24, 1.0
102.1, 2014-04-25, 1.0
101.95, 2014-04-28, 1.0
102.04, 2014-04-29, 1.0
102.31, 2014-04-30, 1.0
102.41, 2014-05-01, 1.0
102.56, 2014-05-02, 1.0
102.5, 2014-05-05, 1.0
102.62, 2014-05-06, 1.0
102.7, 2014-05-07, 1.0
102.81, 2014-05-08, 1.0
102.73, 2014-05-09, 1.0
102.46, 2014-05-12, 1.0
102.86, 2014-05-13, 1.0
103.33, 2014-05-14, 1.0
103.7, 2014-05-15, 1.0
103.48, 2014-05-16, 1.0
103.35, 2014-05-19, 1.0
103.65, 2014-05-20, 1.0
103.49, 2014-05-21, 1.0
103.38, 2014-05-22, 1.0
103.59, 2014-05-23, 1.0
103.62, 2014-05-27, 1.0
104.19, 2014-05-28, 1.0
104.06, 2014-05-29, 1.0
103.98, 2014-05-30, 1.0
103.33, 2014-06-02, 1.0
102.81, 2014-06-03, 1.0
102.73, 2014-06-04, 1.0
102.88, 2014-06-05, 1.0
102.8, 2014-06-06, 1.0
102.65, 2014-06-09, 1.0
102.47, 2014-06-10, 1.0
102.61, 2014-06-11, 1.0
103.01, 2014-06-12, 1.0
102.81, 2014-06-13, 1.0
102.81, 2014-06-16, 1.0
102.38, 2014-06-17, 1.0
102.92, 2014-06-18, 1.0
102.66, 2014-06-19, 1.0
102.78, 2014-06-20, 1.0
102.71, 2014-06-23, 1.0
103.13, 2014-06-24, 1.0
103.23, 2014-06-25, 1.0
103.5, 2014-06-26, 1.0
103.5, 2014-06-27, 1.0
103.58, 2014-06-30, 1.0
103.05, 2014-07-01, 1.0
102.63, 2014-07-02, 1.0
102.42, 2014-07-03, 1.0
102.67, 2014-07-07, 1.0
103.14, 2014-07-08, 1.0
103.16, 2014-07-09, 1.0
103.38, 2014-07-10, 1.0
103.55, 2014-07-11, 1.0
103.32, 2014-07-14, 1.0
103.23, 2014-07-15, 1.0
103.38, 2014-07-16, 1.0
103.98, 2014-07-17, 1.0
103.77, 2014-07-18, 1.0
103.8, 2014-07-21, 1.0
103.93, 2014-07-22, 1.0
103.92, 2014-07-23, 1.0
103.5, 2014-07-24, 1.0
103.9, 2014-07-25, 1.0
103.78, 2014-07-28, 1.0
103.92, 2014-07-29, 1.0
103.19, 2014-07-30, 1.0
103.16, 2014-07-31, 1.0
103.57, 2014-08-01, 1.0
103.63, 2014-08-04, 1.0
103.68, 2014-08-05, 1.0
103.77, 2014-08-06, 1.0
104.24, 2014-08-07, 1.0
104.15, 2014-08-08, 1.0
104.1, 2014-08-11, 1.0
103.95, 2014-08-12, 1.0
104.29, 2014-08-13, 1.0
104.5, 2014-08-14, 1.0
104.92, 2014-08-15, 1.0
104.59, 2014-08-18, 1.0
104.48, 2014-08-19, 1.0
104.17, 2014-08-20, 1.0
104.39, 2014-08-21, 1.0
104.4, 2014-08-22, 1.0
104.48, 2014-08-25, 1.0
104.46, 2014-08-26, 1.0
104.75, 2014-08-27, 1.0
104.89, 2014-08-28, 1.0
104.9, 2014-08-29, 1.0
104.05, 2014-09-02, 1.0
104.2, 2014-09-03, 1.0
103.83, 2014-09-04, 1.0
103.86, 2014-09-05, 1.0
103.75, 2014-09-08, 1.0
103.51, 2014-09-09, 1.0
103.25, 2014-09-10, 1.0
103.12, 2014-09-11, 1.0
102.73, 2014-09-12, 1.0
102.92, 2014-09-15, 1.0
102.89, 2014-09-16, 1.0
102.63, 2014-09-17, 1.0
102.56, 2014-09-18, 1.0
102.95, 2014-09-19, 1.0
103.17, 2014-09-22, 1.0
103.39, 2014-09-23, 1.0
103.1, 2014-09-24, 1.0
103.6, 2014-09-25, 1.0
103.38, 2014-09-26, 1.0
103.71, 2014-09-29, 1.0
103.62, 2014-09-30, 1.0
104.3, 2014-10-01, 1.0
103.99, 2014-10-02, 1.0
103.96, 2014-10-03, 1.0
104.13, 2014-10-06, 1.0
104.74, 2014-10-07, 1.0
105.11, 2014-10-08, 1.0
104.93, 2014-10-09, 1.0
105.34, 2014-10-10, 1.0
105.89, 2014-10-13, 1.0
106.1, 2014-10-14, 1.0
106.7, 2014-10-15, 1.0
106.41, 2014-10-16, 1.0
106.1, 2014-10-17, 1.0
106.25, 2014-10-20, 1.0
105.96, 2014-10-21, 1.0
105.93, 2014-10-22, 1.0
105.49, 2014-10-23, 1.0
105.58, 2014-10-24, 1.0
105.69, 2014-10-27, 1.0
105.43, 2014-10-28, 1.0
105.08, 2014-10-29, 1.0
105.19, 2014-10-30, 1.0
105.02, 2014-10-31, 1.0
104.8, 2014-11-03, 1.0
104.79, 2014-11-04, 1.0
104.82, 2014-11-05, 1.0
104.5, 2014-11-06, 1.0
105.17, 2014-11-07, 1.0
104.74, 2014-11-10, 1.0
104.75, 2014-11-11, 1.0
104.71, 2014-11-12, 1.0
104.88, 2014-11-13, 1.0
105.1, 2014-11-14, 1.0
104.98, 2014-11-17, 1.0
105.1, 2014-11-18, 1.0
104.82, 2014-11-19, 1.0
105.01, 2014-11-20, 1.0
105.22, 2014-11-21, 1.0
105.34, 2014-11-24, 1.0
105.6, 2014-11-25, 1.0
105.78, 2014-11-26, 1.0
106.19, 2014-11-28, 1.0
105.75, 2014-12-01, 1.0
105.28, 2014-12-02, 1.0
105.32, 2014-12-03, 1.0
105.69, 2014-12-04, 1.0
105.1, 2014-12-05, 1.0
105.45, 2014-12-08, 1.0
105.84, 2014-12-09, 1.0
106.32, 2014-12-10, 1.0
106.14, 2014-12-11, 1.0
107.01, 2014-12-12, 1.0
106.62, 2014-12-15, 1.0
107.16, 2014-12-16, 1.0
106.42, 2014-12-17, 1.0
105.82, 2014-12-18, 1.0
106.21, 2014-12-19, 1.0
106.21, 2014-12-22, 1.0
105.33, 2014-12-23, 1.0
105.25, 2014-12-24, 1.0
105.39, 2014-12-26, 1.0
105.75, 2014-12-29, 1.0
105.87, 2014-12-30, 1.0
105.99, 2014-12-31, 1.0
106.53, 2015-01-02, 1.0
107.18, 2015-01-05, 1.0
107.9, 2015-01-06, 1.0
107.88, 2015-01-07, 1.0
107.44, 2015-01-08, 1.0
107.97, 2015-01-09, 1.0
108.35, 2015-01-12, 1.0
108.45, 2015-01-13, 1.0
108.95, 2015-01-14, 1.0
109.88, 2015-01-15, 1.0
109.07, 2015-01-16, 1.0
109.32, 2015-01-20, 1.0
108.8, 2015-01-21, 1.0
108.53, 2015-01-22, 1.0
109.24, 2015-01-23, 1.0
108.99, 2015-01-26, 1.0
109.14, 2015-01-27, 1.0
109.98, 2015-01-28, 1.0
109.59, 2015-01-29, 1.0
110.55, 2015-01-30, 1.0
110.23, 2015-02-02, 1.0
109.3, 2015-02-03, 1.0
109.48, 2015-02-04, 1.0
109.08, 2015-02-05, 1.0
107.86, 2015-02-06, 1.0
107.81, 2015-02-09, 1.0
107.54, 2015-02-10, 1.0
107.5, 2015-02-11, 1.0
107.54, 2015-02-12, 1.0
107.18, 2015-02-13, 1.0
106.42, 2015-02-17, 1.0
106.93, 2015-02-18, 1.0
106.66, 2015-02-19, 1.0
106.6, 2015-02-20, 1.0
107.09, 2015-02-23, 1.0
107.8, 2015-02-24, 1.0
107.9, 2015-02-25, 1.0
107.26, 2015-02-26, 1.0
107.64, 2015-02-27, 1.0
106.67, 2015-03-02, 1.0
106.44, 2015-03-03, 1.0
106.52, 2015-03-04, 1.0
106.58, 2015-03-05, 1.0
105.49, 2015-03-06, 1.0
105.98, 2015-03-09, 1.0
106.43, 2015-03-10, 1.0
106.62, 2015-03-11, 1.0
106.72, 2015-03-12, 1.0
106.56, 2015-03-13, 1.0
106.93, 2015-03-16, 1.0
107.15, 2015-03-17, 1.0
108.38, 2015-03-18, 1.0
107.87, 2015-03-19, 1.0
108.31, 2015-03-20, 1.0
108.45, 2015-03-23, 1.0
108.78, 2015-03-24, 1.0
108.31, 2015-03-25, 1.0
107.7, 2015-03-26, 1.0
108.12, 2015-03-27, 1.0
108.11, 2015-03-30, 1.0
108.39, 2015-03-31, 1.0
108.73, 2015-04-01, 1.0
108.42, 2015-04-02, 1.0
108.56, 2015-04-06, 1.0
108.65, 2015-04-07, 1.0
108.55, 2015-04-08, 1.0
108.11, 2015-04-09, 1.0
108.08, 2015-04-10, 1.0
108.3, 2015-04-13, 1.0
108.62, 2015-04-14, 1.0
108.68, 2015-04-15, 1.0
108.76, 2015-04-16, 1.0
108.98, 2015-04-17, 1.0
108.78, 2015-04-20, 1.0
108.55, 2015-04-21, 1.0
107.92, 2015-04-22, 1.0
108.25, 2015-04-23, 1.0
108.63, 2015-04-24, 1.0
108.46, 2015-04-27, 1.0
107.96, 2015-04-28, 1.0
107.56, 2015-04-29, 1.0
107.53, 2015-04-30, 1.0
106.78, 2015-05-01, 1.0
106.56, 2015-05-04, 1.0
106.38, 2015-05-05, 1.0
105.86, 2015-05-06, 1.0
106.31, 2015-05-07, 1.0
106.72, 2015-05-08, 1.0
105.67, 2015-05-11, 1.0
105.75, 2015-05-12, 1.0
105.61, 2015-05-13, 1.0
105.97, 2015-05-14, 1.0
106.73, 2015-05-15, 1.0
106.01, 2015-05-18, 1.0
105.54, 2015-05-19, 1.0
105.77, 2015-05-20, 1.0
106.4, 2015-05-21, 1.0
106.16, 2015-05-22, 1.0
106.82, 2015-05-26, 1.0
106.76, 2015-05-27, 1.0
106.86, 2015-05-28, 1.0
106.92, 2015-05-29, 1.0
106.28, 2015-06-01, 1.0
105.54, 2015-06-02, 1.0
104.64, 2015-06-03, 1.0
105.15, 2015-06-04, 1.0
104.39, 2015-06-05, 1.0
104.54, 2015-06-08, 1.0
104.2, 2015-06-09, 1.0
103.8, 2015-06-10, 1.0
104.61, 2015-06-11, 1.0
104.56, 2015-06-12, 1.0
104.81, 2015-06-15, 1.0
105.21, 2015-06-16, 1.0
105.27, 2015-06-17, 1.0
105.19, 2015-06-18, 1.0
105.75, 2015-06-19, 1.0
104.86, 2015-06-22, 1.0
104.54, 2015-06-23, 1.0
104.85, 2015-06-24, 1.0
104.59, 2015-06-25, 1.0
104.09, 2015-06-26, 1.0
105.3, 2015-06-29, 1.0
105.01, 2015-06-30, 1.0
104.3, 2015-07-01, 1.0
104.67, 2015-07-02, 1.0
105.41, 2015-07-06, 1.0
105.69, 2015-07-07, 1.0
106.11, 2015-07-08, 1.0
105.37, 2015-07-09, 1.0
104.64, 2015-07-10, 1.0
104.36, 2015-07-13, 1.0
104.69, 2015-07-14, 1.0
105.09, 2015-07-15, 1.0
105.05, 2015-07-16, 1.0
105.06, 2015-07-17, 1.0
104.85, 2015-07-20, 1.0
105.14, 2015-07-21, 1.0
105.27, 2015-07-22, 1.0
105.7, 2015-07-23, 1.0
105.8, 2015-07-24, 1.0
106.15, 2015-07-27, 1.0
105.85, 2015-07-28, 1.0
105.7, 2015-07-29, 1.0
105.82, 2015-07-30, 1.0
106.44, 2015-07-31, 1.0
106.6, 2015-08-03, 1.0
106.05, 2015-08-04, 1.0
105.64, 2015-08-05, 1.0
106.01, 2015-08-06, 1.0
106.43, 2015-08-07, 1.0
105.99, 2015-08-10, 1.0
106.69, 2015-08-11, 1.0
106.65, 2015-08-12, 1.0
106.37, 2015-08-13, 1.0
106.26, 2015-08-14, 1.0
106.45, 2015-08-17, 1.0
106.28, 2015-08-18, 1.0
106.93, 2015-08-19, 1.0
107.22, 2015-08-20, 1.0
107.65, 2015-08-21, 1.0
107.83, 2015-08-24, 1.0
107.24, 2015-08-25, 1.0
106.58, 2015-08-26, 1.0
106.52, 2015-08-27, 1.0
106.54, 2015-08-28, 1.0
106.36, 2015-08-31, 1.0
106.67, 2015-09-01, 1.0
106.38, 2015-09-02, 1.0
106.64, 2015-09-03, 1.0
106.97, 2015-09-04, 1.0
106.5, 2015-09-08, 1.0
106.54, 2015-09-09, 1.0
106.3, 2015-09-10, 1.0
106.58, 2015-09-11, 1.0
106.68, 2015-09-14, 1.0
105.84, 2015-09-15, 1.0
105.81, 2015-09-16, 1.0
106.69, 2015-09-17, 1.0
107.19, 2015-09-18, 1.0
106.58, 2015-09-21, 1.0
107.11, 2015-09-22, 1.0
106.99, 2015-09-23, 1.0
107.15, 2015-09-24, 1.0
106.87, 2015-09-25, 1.0
107.48, 2015-09-28, 1.0
107.85, 2015-09-29, 1.0
107.87, 2015-09-30, 1.0
107.79, 2015-10-01, 1.0
108.31, 2015-10-02, 1.0
107.71, 2015-10-05, 1.0
107.93, 2015-10-06, 1.0
107.66, 2015-10-07, 1.0
107.38, 2015-10-08, 1.0
107.44, 2015-10-09, 1.0
107.8, 2015-10-12, 1.0
107.9, 2015-10-13, 1.0
108.49, 2015-10-14, 1.0
108.12, 2015-10-15, 1.0
108.03, 2015-10-16, 1.0
107.98, 2015-10-19, 1.0
107.61, 2015-10-20, 1.0
107.98, 2015-10-21, 1.0
108.09, 2015-10-22, 1.0
107.48, 2015-10-23, 1.0
107.76, 2015-10-26, 1.0
108.03, 2015-10-27, 1.0
107.47, 2015-10-28, 1.0
106.81, 2015-10-29, 1.0
107.02, 2015-10-30, 1.0
106.55, 2015-11-02, 1.0
106.27, 2015-11-03, 1.0
106.16, 2015-11-04, 1.0
106.09, 2015-11-05, 1.0
105.37, 2015-11-06, 1.0
105.19, 2015-11-09, 1.0
105.39, 2015-11-10, 1.0
105.34, 2015-11-11, 1.0
105.4, 2015-11-12, 1.0
105.8, 2015-11-13, 1.0
105.94, 2015-11-16, 1.0
105.91, 2015-11-17, 1.0
105.86, 2015-11-18, 1.0
106.09, 2015-11-19, 1.0
105.95, 2015-11-20, 1.0
106.09, 2015-11-23, 1.0
106.19, 2015-11-24, 1.0
106.25, 2015-11-25, 1.0
106.36, 2015-11-27, 1.0
106.4, 2015-11-30, 1.0
106.8, 2015-12-01, 1.0
106.5, 2015-12-02, 1.0
105.38, 2015-12-03, 1.0
105.77, 2015-12-04, 1.0
106.11, 2015-12-07, 1.0
106.17, 2015-12-08, 1.0
106.33, 2015-12-09, 1.0
106.1, 2015-12-10, 1.0
106.95, 2015-12-11, 1.0
106.16, 2015-12-14, 1.0
105.89, 2015-12-15, 1.0
105.61, 2015-12-16, 1.0
106.05, 2015-12-17, 1.0
106.43, 2015-12-18, 1.0
106.48, 2015-12-21, 1.0
106.18, 2015-12-22, 1.0
105.94, 2015-12-23, 1.0
105.97, 2015-12-24, 1.0
105.99, 2015-12-28, 1.0
105.43, 2015-12-29, 1.0
105.47, 2015-12-30, 1.0
105.59, 2015-12-31, 1.0
106.04, 2016-01-04, 1.0
106.01, 2016-01-05, 1.0
106.65, 2016-01-06, 1.0
106.88, 2016-01-07, 1.0
107.15, 2016-01-08, 1.0
106.81, 2016-01-11, 1.0
107.29, 2016-01-12, 1.0
107.71, 2016-01-13, 1.0
107.49, 2016-01-14, 1.0
107.99, 2016-01-15, 1.0
107.85, 2016-01-19, 1.0
108.38, 2016-01-20, 1.0
108.11, 2016-01-21, 1.0
107.87, 2016-01-22, 1.0
108.23, 2016-01-25, 1.0
108.31, 2016-01-26, 1.0
108.39, 2016-01-27, 1.0
108.53, 2016-01-28, 1.0
109.11, 2016-01-29, 1.0
108.7, 2016-02-01, 1.0
109.47, 2016-02-02, 1.0
109.35, 2016-02-03, 1.0
109.61, 2016-02-04, 1.0
109.75, 2016-02-05, 1.0
110.57, 2016-02-08, 1.0
110.59, 2016-02-09, 1.0
110.92, 2016-02-10, 1.0
111.43, 2016-02-11, 1.0
110.58, 2016-02-12, 1.0
110.25, 2016-02-16, 1.0
109.98, 2016-02-17, 1.0
110.49, 2016-02-18, 1.0
110.49, 2016-02-19, 1.0
110.38, 2016-02-22, 1.0
110.6, 2016-02-23, 1.0
110.6, 2016-02-24, 1.0
110.93, 2016-02-25, 1.0
110.39, 2016-02-26, 1.0
110.57, 2016-02-29, 1.0
109.55, 2016-03-01, 1.0
109.36, 2016-03-02, 1.0
109.49, 2016-03-03, 1.0
109.12, 2016-03-04, 1.0
108.9, 2016-03-07, 1.0
109.53, 2016-03-08, 1.0
109.1, 2016-03-09, 1.0
108.71, 2016-03-10, 1.0
108.4, 2016-03-11, 1.0
108.48, 2016-03-14, 1.0
108.46, 2016-03-15, 1.0
109.03, 2016-03-16, 1.0
109.15, 2016-03-17, 1.0
109.34, 2016-03-18, 1.0
109.03, 2016-03-21, 1.0
108.8, 2016-03-22, 1.0
109.3, 2016-03-23, 1.0
109.19, 2016-03-24, 1.0
109.35, 2016-03-28, 1.0
110.09, 2016-03-29, 1.0
109.94, 2016-03-30, 1.0
110.34, 2016-03-31, 1.0
110.14, 2016-04-01, 1.0
110.27, 2016-04-04, 1.0
110.71, 2016-04-05, 1.0
110.47, 2016-04-06, 1.0
111.04, 2016-04-07, 1.0
110.87, 2016-04-08, 1.0
110.85, 2016-04-11, 1.0
110.41, 2016-04-12, 1.0
110.49, 2016-04-13, 1.0
110.23, 2016-04-14, 1.0
110.56, 2016-04-15, 1.0
110.45, 2016-04-18, 1.0
110.27, 2016-04-19, 1.0
109.71, 2016-04-20, 1.0
109.53, 2016-04-21, 1.0
109.41, 2016-04-22, 1.0
109.29, 2016-04-25, 1.0
109.06, 2016-04-26, 1.0
109.66, 2016-04-27, 1.0
110.04, 2016-04-28, 1.0
110.0, 2016-04-29, 1.0
109.52, 2016-05-02, 1.0
110.17, 2016-05-03, 1.0
110.37, 2016-05-04, 1.0
110.67, 2016-05-05, 1.0
110.41, 2016-05-06, 1.0
110.62, 2016-05-09, 1.0
110.6, 2016-05-10, 1.0
110.77, 2016-05-11, 1.0
110.47, 2016-05-12, 1.0
110.89, 2016-05-13, 1.0
110.49, 2016-05-16, 1.0
110.34, 2016-05-17, 1.0
109.45, 2016-05-18, 1.0
109.56, 2016-05-19, 1.0
109.63, 2016-05-20, 1.0
109.7, 2016-05-23, 1.0
109.52, 2016-05-24, 1.0
109.47, 2016-05-25, 1.0
109.81, 2016-05-26, 1.0
109.6, 2016-05-27, 1.0
109.73, 2016-05-31, 1.0
109.53, 2016-06-01, 1.0
109.87, 2016-06-02, 1.0
110.89, 2016-06-03, 1.0
110.6, 2016-06-06, 1.0
110.76, 2016-06-07, 1.0
110.89, 2016-06-08, 1.0
111.06, 2016-06-09, 1.0
111.45, 2016-06-10, 1.0
111.67, 2016-06-13, 1.0
111.64, 2016-06-14, 1.0
111.98, 2016-06-15, 1.0
112.1, 2016-06-16, 1.0
111.72, 2016-06-17, 1.0
111.24, 2016-06-20, 1.0
110.99, 2016-06-21, 1.0
111.21, 2016-06-22, 1.0
110.68, 2016-06-23, 1.0
112.21, 2016-06-24, 1.0
113.18, 2016-06-27, 1.0
113.16, 2016-06-28, 1.0
112.7, 2016-06-29, 1.0
112.95, 2016-06-30, 1.0
113.09, 2016-07-01, 1.0
113.71, 2016-07-05, 1.0
113.73, 2016-07-06, 1.0
113.58, 2016-07-07, 1.0
113.8, 2016-07-08, 1.0
113.2, 2016-07-11, 1.0
112.53, 2016-07-12, 1.0
112.82, 2016-07-13, 1.0
112.35, 2016-07-14, 1.0
111.92, 2016-07-15, 1.0
111.89, 2016-07-18, 1.0
112.19, 2016-07-19, 1.0
111.96, 2016-07-20, 1.0
112.21, 2016-07-21, 1.0
112.12, 2016-07-22, 1.0
112.03, 2016-07-25, 1.0
112.1, 2016-07-26, 1.0
112.58, 2016-07-27, 1.0
112.64, 2016-07-28, 1.0
113.07, 2016-07-29, 1.0
112.52, 2016-08-01, 1.0
112.25, 2016-08-02, 1.0
112.31, 2016-08-03, 1.0
112.58, 2016-08-04, 1.0
111.88, 2016-08-05, 1.0
111.82, 2016-08-08, 1.0
112.22, 2016-08-09, 1.0
112.52, 2016-08-10, 1.0
111.98, 2016-08-11, 1.0
112.38, 2016-08-12, 1.0
112.05, 2016-08-15, 1.0
111.86, 2016-08-16, 1.0
112.04, 2016-08-17, 1.0
112.24, 2016-08-18, 1.0
111.86, 2016-08-19, 1.0
112.11, 2016-08-22, 1.0
112.1, 2016-08-23, 1.0
112.06, 2016-08-24, 1.0
111.88, 2016-08-25, 1.0
111.45, 2016-08-26, 1.0
111.91, 2016-08-29, 1.0
111.9, 2016-08-30, 1.0
111.77, 2016-08-31, 1.0
111.79, 2016-09-01, 1.0
111.5, 2016-09-02, 1.0
112.02, 2016-09-06, 1.0
112.08, 2016-09-07, 1.0
111.53, 2016-09-08, 1.0
111.0, 2016-09-09, 1.0
111.1, 2016-09-12, 1.0
110.69, 2016-09-13, 1.0
110.94, 2016-09-14, 1.0
110.97, 2016-09-15, 1.0
111.09, 2016-09-16, 1.0
110.9, 2016-09-19, 1.0
111.07, 2016-09-20, 1.0
111.25, 2016-09-21, 1.0
111.58, 2016-09-22, 1.0
111.63, 2016-09-23, 1.0
111.95, 2016-09-26, 1.0
112.14, 2016-09-27, 1.0
112.09, 2016-09-28, 1.0
112.16, 2016-09-29, 1.0
111.88, 2016-09-30, 1.0
111.47, 2016-10-03, 1.0
110.96, 2016-10-04, 1.0
110.71, 2016-10-05, 1.0
110.48, 2016-10-06, 1.0
110.64, 2016-10-07, 1.0
110.35, 2016-10-10, 1.0
110.32, 2016-10-11, 1.0
110.32, 2016-10-12, 1.0
110.55, 2016-10-13, 1.0
110.21, 2016-10-14, 1.0
110.45, 2016-10-17, 1.0
110.67, 2016-10-18, 1.0
110.72, 2016-10-19, 1.0
110.62, 2016-10-20, 1.0
110.74, 2016-10-21, 1.0
110.59, 2016-10-24, 1.0
110.57, 2016-10-25, 1.0
110.33, 2016-10-26, 1.0
109.95, 2016-10-27, 1.0
109.97, 2016-10-28, 1.0
110.06, 2016-10-31, 1.0
109.91, 2016-11-01, 1.0
110.24, 2016-11-02, 1.0
110.17, 2016-11-03, 1.0
110.51, 2016-11-04, 1.0
110.05, 2016-11-07, 1.0
109.66, 2016-11-08, 1.0
107.99, 2016-11-09, 1.0
107.34, 2016-11-10, 1.0
107.12, 2016-11-11, 1.0
106.5, 2016-11-14, 1.0
106.5, 2016-11-15, 1.0
106.6, 2016-11-16, 1.0
106.13, 2016-11-17, 1.0
105.66, 2016-11-18, 1.0
105.75, 2016-11-21, 1.0
105.85, 2016-11-22, 1.0
105.47, 2016-11-23, 1.0
105.38, 2016-11-25, 1.0
105.86, 2016-11-28, 1.0
105.97, 2016-11-29, 1.0
105.26, 2016-11-30, 1.0
104.71, 2016-12-01, 1.0
105.18, 2016-12-02, 1.0
105.14, 2016-12-05, 1.0
105.18, 2016-12-06, 1.0
105.53, 2016-12-07, 1.0
105.13, 2016-12-08, 1.0
104.59, 2016-12-09, 1.0
104.61, 2016-12-12, 1.0
104.67, 2016-12-13, 1.0
103.8, 2016-12-14, 1.0
103.51, 2016-12-15, 1.0
103.64, 2016-12-16, 1.0
104.12, 2016-12-19, 1.0
103.9, 2016-12-20, 1.0
104.07, 2016-12-21, 1.0
103.86, 2016-12-22, 1.0
103.96, 2016-12-23, 1.0
103.81, 2016-12-27, 1.0
104.19, 2016-12-28, 1.0
104.51, 2016-12-29, 1.0
104.82, 2016-12-30, 1.0
104.77, 2017-01-03, 1.0
104.89, 2017-01-04, 1.0
105.57, 2017-01-05, 1.0
105.09, 2017-01-06, 1.0
105.49, 2017-01-09, 1.0
105.44, 2017-01-10, 1.0
105.56, 2017-01-11, 1.0
105.62, 2017-01-12, 1.0
105.39, 2017-01-13, 1.0
105.92, 2017-01-17, 1.0
105.17, 2017-01-18, 1.0
104.77, 2017-01-19, 1.0
104.82, 2017-01-20, 1.0
105.37, 2017-01-23, 1.0
104.97, 2017-01-24, 1.0
104.45, 2017-01-25, 1.0
104.59, 2017-01-26, 1.0
104.72, 2017-01-27, 1.0
104.69, 2017-01-30, 1.0
105.05, 2017-01-31, 1.0
104.69, 2017-02-01, 1.0
104.73, 2017-02-02, 1.0
104.81, 2017-02-03, 1.0
105.31, 2017-02-06, 1.0
105.5, 2017-02-07, 1.0
105.93, 2017-02-08, 1.0
105.3, 2017-02-09, 1.0
105.23, 2017-02-10, 1.0
105.07, 2017-02-13, 1.0
104.69, 2017-02-14, 1.0
104.49, 2017-02-15, 1.0
104.91, 2017-02-16, 1.0
105.19, 2017-02-17, 1.0
105.14, 2017-02-21, 1.0
105.31, 2017-02-22, 1.0
105.59, 2017-02-23, 1.0
106.08, 2017-02-24, 1.0
105.7, 2017-02-27, 1.0
105.65, 2017-02-28, 1.0
104.77, 2017-03-01, 1.0
104.47, 2017-03-02, 1.0
104.57, 2017-03-03, 1.0
104.55, 2017-03-06, 1.0
104.4, 2017-03-07, 1.0
104.05, 2017-03-08, 1.0
103.76, 2017-03-09, 1.0
103.98, 2017-03-10, 1.0
103.72, 2017-03-13, 1.0
103.83, 2017-03-14, 1.0
104.74, 2017-03-15, 1.0
104.45, 2017-03-16, 1.0
104.73, 2017-03-17, 1.0
104.9877, 2017-03-20, 1.0
105.33, 2017-03-21, 1.0
105.53, 2017-03-22, 1.0
105.42, 2017-03-23, 1.0
105.48, 2017-03-24, 1.0
105.74, 2017-03-27, 1.0
105.38, 2017-03-28, 1.0
105.68, 2017-03-29, 1.0
105.38, 2017-03-30, 1.0
105.59, 2017-03-31, 1.0
105.95, 2017-04-03, 1.0
105.8, 2017-04-04, 1.0
106.0, 2017-04-05, 1.0
105.93, 2017-04-06, 1.0
105.61, 2017-04-07, 1.0
105.8, 2017-04-10, 1.0
106.29, 2017-04-11, 1.0
106.62, 2017-04-12, 1.0
106.94, 2017-04-13, 1.0
106.77, 2017-04-17, 1.0
107.38, 2017-04-18, 1.0
107.1, 2017-04-19, 1.0
106.86, 2017-04-20, 1.0
106.91, 2017-04-21, 1.0
106.69, 2017-04-24, 1.0
106.14, 2017-04-25, 1.0
106.42, 2017-04-26, 1.0
106.49, 2017-04-27, 1.0
106.6, 2017-04-28, 1.0
106.21, 2017-05-01, 1.0
106.43, 2017-05-02, 1.0
106.21, 2017-05-03, 1.0
105.97, 2017-05-04, 1.0
105.99, 2017-05-05, 1.0
105.73, 2017-05-08, 1.0
105.61, 2017-05-09, 1.0
105.57, 2017-05-10, 1.0
105.65, 2017-05-11, 1.0
106.19, 2017-05-12, 1.0
106.12, 2017-05-15, 1.0
106.26, 2017-05-16, 1.0
107.11, 2017-05-17, 1.0
107.08, 2017-05-18, 1.0
107.05, 2017-05-19, 1.0
106.93, 2017-05-22, 1.0
106.65, 2017-05-23, 1.0
106.87, 2017-05-24, 1.0
106.93, 2017-05-25, 1.0
107.0, 2017-05-26, 1.0
107.27, 2017-05-30, 1.0
107.32, 2017-05-31, 1.0
107.1, 2017-06-01, 1.0
107.57, 2017-06-02, 1.0
107.39, 2017-06-05, 1.0
107.73, 2017-06-06, 1.0
107.53, 2017-06-07, 1.0
107.36, 2017-06-08, 1.0
107.26, 2017-06-09, 1.0
107.24, 2017-06-12, 1.0
107.28, 2017-06-13, 1.0
107.84, 2017-06-14, 1.0
107.65, 2017-06-15, 1.0
107.71, 2017-06-16, 1.0
107.41, 2017-06-19, 1.0
107.68, 2017-06-20, 1.0
107.67, 2017-06-21, 1.0
107.77, 2017-06-22, 1.0
107.8, 2017-06-23, 1.0
107.89, 2017-06-26, 1.0
107.36, 2017-06-27, 1.0
107.26, 2017-06-28, 1.0
106.86, 2017-06-29, 1.0
106.61, 2017-06-30, 1.0
106.06, 2017-07-03, 1.0
106.14, 2017-07-05, 1.0
105.94, 2017-07-06, 1.0
105.77, 2017-07-07, 1.0
105.91, 2017-07-10, 1.0
106.05, 2017-07-11, 1.0
106.36, 2017-07-12, 1.0
106.25, 2017-07-13, 1.0
106.4, 2017-07-14, 1.0
106.53, 2017-07-17, 1.0
106.92, 2017-07-18, 1.0
106.92, 2017-07-19, 1.0
106.95, 2017-07-20, 1.0
107.14, 2017-07-21, 1.0
107.07, 2017-07-24, 1.0
106.47, 2017-07-25, 1.0
106.81, 2017-07-26, 1.0
106.64, 2017-07-27, 1.0
106.82, 2017-07-28, 1.0
106.85, 2017-07-31, 1.0
106.95, 2017-08-01, 1.0
106.85, 2017-08-02, 1.0
107.22, 2017-08-03, 1.0
106.93, 2017-08-04, 1.0
106.99, 2017-08-07, 1.0
106.9, 2017-08-08, 1.0
107.03, 2017-08-09, 1.0
107.43, 2017-08-10, 1.0
107.55, 2017-08-11, 1.0
107.29, 2017-08-14, 1.0
106.97, 2017-08-15, 1.0
107.17, 2017-08-16, 1.0
107.55, 2017-08-17, 1.0
107.57, 2017-08-18, 1.0
107.64, 2017-08-21, 1.0
107.43, 2017-08-22, 1.0
107.8, 2017-08-23, 1.0
107.63, 2017-08-24, 1.0
107.81, 2017-08-25, 1.0
107.91, 2017-08-28, 1.0
108.16, 2017-08-29, 1.0
108.07, 2017-08-30, 1.0
108.24, 2017-08-31, 1.0
107.76, 2017-09-01, 1.0
108.51, 2017-09-05, 1.0
108.25, 2017-09-06, 1.0
108.72, 2017-09-07, 1.0
108.64, 2017-09-08, 1.0
108.02, 2017-09-11, 1.0
107.76, 2017-09-12, 1.0
107.54, 2017-09-13, 1.0
107.56, 2017-09-14, 1.0
107.69, 2017-09-15, 1.0
107.27, 2017-09-18, 1.0
107.15, 2017-09-19, 1.0
106.94, 2017-09-20, 1.0
106.8, 2017-09-21, 1.0
106.99, 2017-09-22, 1.0
107.31, 2017-09-25, 1.0
107.22, 2017-09-26, 1.0
106.67, 2017-09-27, 1.0
106.65, 2017-09-28, 1.0
106.52, 2017-09-29, 1.0
106.24, 2017-10-02, 1.0
106.39, 2017-10-03, 1.0
106.36, 2017-10-04, 1.0
106.25, 2017-10-05, 1.0
106.12, 2017-10-06, 1.0
106.24, 2017-10-09, 1.0
106.28, 2017-10-10, 1.0
106.4, 2017-10-11, 1.0
106.5, 2017-10-12, 1.0
106.86, 2017-10-13, 1.0
106.68, 2017-10-16, 1.0
106.64, 2017-10-17, 1.0
106.37, 2017-10-18, 1.0
106.48, 2017-10-19, 1.0
106.04, 2017-10-20, 1.0
106.14, 2017-10-23, 1.0
105.82, 2017-10-24, 1.0
105.65, 2017-10-25, 1.0
105.51, 2017-10-26, 1.0
105.85, 2017-10-27, 1.0
106.23, 2017-10-30, 1.0
106.16, 2017-10-31, 1.0
106.06, 2017-11-01, 1.0
106.2, 2017-11-02, 1.0
106.37, 2017-11-03, 1.0
106.5, 2017-11-06, 1.0
106.54, 2017-11-07, 1.0
106.41, 2017-11-08, 1.0
106.37, 2017-11-09, 1.0
105.83, 2017-11-10, 1.0
105.78, 2017-11-13, 1.0
105.93, 2017-11-14, 1.0
106.31, 2017-11-15, 1.0
106.04, 2017-11-16, 1.0
106.18, 2017-11-17, 1.0
106.01, 2017-11-20, 1.0
106.03, 2017-11-21, 1.0
106.37, 2017-11-22, 1.0
106.28, 2017-11-24, 1.0
106.35, 2017-11-27, 1.0
106.37, 2017-11-28, 1.0
106.03, 2017-11-29, 1.0
105.7, 2017-11-30, 1.0
105.93, 2017-12-01, 1.0
105.88, 2017-12-04, 1.0
105.96, 2017-12-05, 1.0
106.18, 2017-12-06, 1.0
105.99, 2017-12-07, 1.0
105.91, 2017-12-08, 1.0
105.84, 2017-12-11, 1.0
105.75, 2017-12-12, 1.0
106.18, 2017-12-13, 1.0
106.14, 2017-12-14, 1.0
106.12, 2017-12-15, 1.0
105.88, 2017-12-18, 1.0
105.4, 2017-12-19, 1.0
105.09, 2017-12-20, 1.0
105.0, 2017-12-21, 1.0
105.04, 2017-12-22, 1.0
105.08, 2017-12-26, 1.0
105.53, 2017-12-27, 1.0
105.4, 2017-12-28, 1.0
105.57, 2017-12-29, 1.0
105.22, 2018-01-02, 1.0
105.33, 2018-01-03, 1.0
105.28, 2018-01-04, 1.0
105.15, 2018-01-05, 1.0
105.1, 2018-01-08, 1.0
104.6, 2018-01-09, 1.0
104.57, 2018-01-10, 1.0
104.64, 2018-01-11, 1.0
104.57, 2018-01-12, 1.0
104.62, 2018-01-16, 1.0
104.39, 2018-01-17, 1.0
104.06, 2018-01-18, 1.0
103.79, 2018-01-19, 1.0
103.75, 2018-01-22, 1.0
104.05, 2018-01-23, 1.0
103.85, 2018-01-24, 1.0
104.08, 2018-01-25, 1.0
103.77, 2018-01-26, 1.0
103.51, 2018-01-29, 1.0
103.27, 2018-01-30, 1.0
103.3, 2018-01-31, 1.0
102.6, 2018-02-01, 1.0
102.22, 2018-02-02, 1.0
103.06, 2018-02-05, 1.0
102.61, 2018-02-06, 1.0
102.31, 2018-02-07, 1.0
102.4, 2018-02-08, 1.0
102.22, 2018-02-09, 1.0
102.19, 2018-02-12, 1.0
102.36, 2018-02-13, 1.0
101.74, 2018-02-14, 1.0
101.77, 2018-02-15, 1.0
102.01, 2018-02-16, 1.0
101.9, 2018-02-20, 1.0
101.6, 2018-02-21, 1.0
101.74, 2018-02-22, 1.0
102.13, 2018-02-23, 1.0
102.25, 2018-02-26, 1.0
101.93, 2018-02-27, 1.0
102.17, 2018-02-28, 1.0
102.45, 2018-03-01, 1.0
102.07, 2018-03-02, 1.0
101.94, 2018-03-05, 1.0
101.93, 2018-03-06, 1.0
101.93, 2018-03-07, 1.0
102.14, 2018-03-08, 1.0
101.92, 2018-03-09, 1.0
102.16, 2018-03-12, 1.0
102.33, 2018-03-13, 1.0
102.53, 2018-03-14, 1.0
102.49, 2018-03-15, 1.0
102.37, 2018-03-16, 1.0
102.27, 2018-03-19, 1.0
102.07, 2018-03-20, 1.0
102.14, 2018-03-21, 1.0
102.56, 2018-03-22, 1.0
102.7, 2018-03-23, 1.0
102.42, 2018-03-26, 1.0
103.0, 2018-03-27, 1.0
102.98, 2018-03-28, 1.0
103.19, 2018-03-29, 1.0
103.12, 2018-04-02, 1.0
102.79, 2018-04-03, 1.0
102.73, 2018-04-04, 1.0
102.47, 2018-04-05, 1.0
102.92, 2018-04-06, 1.0
102.94, 2018-04-09, 1.0
102.76, 2018-04-10, 1.0
102.86, 2018-04-11, 1.0
102.49, 2018-04-12, 1.0
102.58, 2018-04-13, 1.0
102.53, 2018-04-16, 1.0
102.59, 2018-04-17, 1.0
102.19, 2018-04-18, 1.0
101.91, 2018-04-19, 1.0
101.57, 2018-04-20, 1.0
101.47, 2018-04-23, 1.0
101.35, 2018-04-24, 1.0
101.13, 2018-04-25, 1.0
101.42, 2018-04-26, 1.0
101.59, 2018-04-27, 1.0
101.7, 2018-04-30, 1.0
101.35, 2018-05-01, 1.0
101.37, 2018-05-02, 1.0
101.63, 2018-05-03, 1.0
101.64, 2018-05-04, 1.0
101.59, 2018-05-07, 1.0
101.42, 2018-05-08, 1.0
101.19, 2018-05-09, 1.0
101.4, 2018-05-10, 1.0
101.41, 2018-05-11, 1.0
101.19, 2018-05-14, 1.0
100.63, 2018-05-15, 1.0
100.42, 2018-05-16, 1.0
100.36, 2018-05-17, 1.0
100.75, 2018-05-18, 1.0
100.82, 2018-05-21, 1.0
100.78, 2018-05-22, 1.0
101.24, 2018-05-23, 1.0
101.5, 2018-05-24, 1.0
101.9, 2018-05-25, 1.0
103.0, 2018-05-29, 1.0
102.56, 2018-05-30, 1.0
102.51, 2018-05-31, 1.0
101.93, 2018-06-01, 1.0
101.57, 2018-06-04, 1.0
101.83, 2018-06-05, 1.0
101.42, 2018-06-06, 1.0
101.85, 2018-06-07, 1.0
101.71, 2018-06-08, 1.0
101.61, 2018-06-11, 1.0
101.55, 2018-06-12, 1.0
101.43, 2018-06-13, 1.0
101.75, 2018-06-14, 1.0
101.83, 2018-06-15, 1.0
101.88, 2018-06-18, 1.0
102.15, 2018-06-19, 1.0
101.82, 2018-06-20, 1.0
102.09, 2018-06-21, 1.0
102.11, 2018-06-22, 1.0
102.25, 2018-06-25, 1.0
102.3, 2018-06-26, 1.0
102.69, 2018-06-27, 1.0
102.59, 2018-06-28, 1.0
102.51, 2018-06-29, 1.0
102.25, 2018-07-02, 1.0
102.51, 2018-07-03, 1.0
102.52, 2018-07-05, 1.0
102.61, 2018-07-06, 1.0
102.35, 2018-07-09, 1.0
102.27, 2018-07-10, 1.0
102.48, 2018-07-11, 1.0
102.44, 2018-07-12, 1.0
102.61, 2018-07-13, 1.0
102.44, 2018-07-16, 1.0
102.38, 2018-07-17, 1.0
102.3, 2018-07-18, 1.0
102.58, 2018-07-19, 1.0
102.22, 2018-07-20, 1.0
101.72, 2018-07-23, 1.0
101.79, 2018-07-24, 1.0
101.72, 2018-07-25, 1.0
101.61, 2018-07-26, 1.0
101.77, 2018-07-27, 1.0
101.64, 2018-07-30, 1.0
101.78, 2018-07-31, 1.0
101.34, 2018-08-01, 1.0
101.46, 2018-08-02, 1.0
101.72, 2018-08-03, 1.0
101.77, 2018-08-06, 1.0
101.56, 2018-08-07, 1.0
101.65, 2018-08-08, 1.0
101.93, 2018-08-09, 1.0
102.37, 2018-08-10, 1.0
102.34, 2018-08-13, 1.0
102.24, 2018-08-14, 1.0
102.49, 2018-08-15, 1.0
102.46, 2018-08-16, 1.0
102.5, 2018-08-17, 1.0
102.82, 2018-08-20, 1.0
102.68, 2018-08-21, 1.0
102.87, 2018-08-22, 1.0
102.86, 2018-08-23, 1.0
102.89, 2018-08-24, 1.0
102.66, 2018-08-27, 1.0
102.43, 2018-08-28, 1.0
102.4, 2018-08-29, 1.0
102.59, 2018-08-30, 1.0
102.61, 2018-08-31, 1.0
102.17, 2018-09-04, 1.0
102.16, 2018-09-05, 1.0
102.37, 2018-09-06, 1.0
101.91, 2018-09-07, 1.0
101.97, 2018-09-10, 1.0
101.6, 2018-09-11, 1.0
101.72, 2018-09-12, 1.0
101.71, 2018-09-13, 1.0
101.52, 2018-09-14, 1.0
101.54, 2018-09-17, 1.0
101.12, 2018-09-18, 1.0
100.95, 2018-09-19, 1.0
100.96, 2018-09-20, 1.0
101.0, 2018-09-21, 1.0
100.89, 2018-09-24, 1.0
100.79, 2018-09-25, 1.0
101.12, 2018-09-26, 1.0
101.12, 2018-09-27, 1.0
101.17, 2018-09-28, 1.0
100.71, 2018-10-01, 1.0
100.97, 2018-10-02, 1.0
100.22, 2018-10-03, 1.0
99.96, 2018-10-04, 1.0
99.72, 2018-10-05, 1.0
99.76, 2018-10-08, 1.0
99.95, 2018-10-09, 1.0
100.0, 2018-10-10, 1.0
100.41, 2018-10-11, 1.0
100.29, 2018-10-12, 1.0
100.35, 2018-10-15, 1.0
100.34, 2018-10-16, 1.0
100.05, 2018-10-17, 1.0
100.23, 2018-10-18, 1.0
100.11, 2018-10-19, 1.0
100.13, 2018-10-22, 1.0
100.39, 2018-10-23, 1.0
100.93, 2018-10-24, 1.0
100.69, 2018-10-25, 1.0
101.14, 2018-10-26, 1.0
101.13, 2018-10-29, 1.0
100.91, 2018-10-30, 1.0
100.66, 2018-10-31, 1.0
100.53, 2018-11-01, 1.0
99.97, 2018-11-02, 1.0
100.03, 2018-11-05, 1.0
99.92, 2018-11-06, 1.0
99.92, 2018-11-07, 1.0
99.78, 2018-11-08, 1.0
100.17, 2018-11-09, 1.0
100.47, 2018-11-12, 1.0
100.55, 2018-11-13, 1.0
100.76, 2018-11-14, 1.0
100.83, 2018-11-15, 1.0
101.14, 2018-11-16, 1.0
101.29, 2018-11-19, 1.0
101.27, 2018-11-20, 1.0
101.25, 2018-11-21, 1.0
101.31, 2018-11-23, 1.0
101.23, 2018-11-26, 1.0
101.33, 2018-11-27, 1.0
101.32, 2018-11-28, 1.0
101.58, 2018-11-29, 1.0
101.78, 2018-11-30, 1.0
101.79, 2018-12-03, 1.0
102.26, 2018-12-04, 1.0
102.52, 2018-12-06, 1.0
102.82, 2018-12-07, 1.0
102.88, 2018-12-10, 1.0
102.62, 2018-12-11, 1.0
102.34, 2018-12-12, 1.0
102.4, 2018-12-13, 1.0
102.56, 2018-12-14, 1.0
102.86, 2018-12-17, 1.0
102.9, 2018-12-18, 1.0
103.26, 2018-12-19, 1.0
103.13, 2018-12-20, 1.0
103.22, 2018-12-21, 1.0
103.48, 2018-12-24, 1.0
102.99, 2018-12-26, 1.0
103.25, 2018-12-27, 1.0
103.81, 2018-12-28, 1.0
104.2, 2018-12-31, 1.0
104.42, 2019-01-02, 1.0
105.25, 2019-01-03, 1.0
104.4, 2019-01-04, 1.0
104.11, 2019-01-07, 1.0
103.85, 2019-01-08, 1.0
103.91, 2019-01-09, 1.0
103.86, 2019-01-10, 1.0
104.17, 2019-01-11, 1.0
104.11, 2019-01-14, 1.0
104.01, 2019-01-15, 1.0
103.95, 2019-01-16, 1.0
103.76, 2019-01-17, 1.0
103.43, 2019-01-18, 1.0
103.79, 2019-01-22, 1.0
103.74, 2019-01-23, 1.0
104.07, 2019-01-24, 1.0
103.83, 2019-01-25, 1.0
103.86, 2019-01-28, 1.0
104.16, 2019-01-29, 1.0
104.4, 2019-01-30, 1.0
104.88, 2019-01-31, 1.0
104.1, 2019-02-01, 1.0
103.87, 2019-02-04, 1.0
104.05, 2019-02-05, 1.0
104.13, 2019-02-06, 1.0
104.47, 2019-02-07, 1.0
104.61, 2019-02-08, 1.0
104.45, 2019-02-11, 1.0
104.31, 2019-02-12, 1.0
104.05, 2019-02-13, 1.0
104.54, 2019-02-14, 1.0
104.44, 2019-02-15, 1.0
104.62, 2019-02-19, 1.0
104.6, 2019-02-20, 1.0
104.29, 2019-02-21, 1.0
104.6, 2019-02-22, 1.0
104.44, 2019-02-25, 1.0
104.75, 2019-02-26, 1.0
104.38, 2019-02-27, 1.0
104.11, 2019-02-28, 1.0
103.57, 2019-03-01, 1.0
103.89, 2019-03-04, 1.0
103.95, 2019-03-05, 1.0
104.24, 2019-03-06, 1.0
104.59, 2019-03-07, 1.0
104.74, 2019-03-08, 1.0
104.66, 2019-03-11, 1.0
104.95, 2019-03-12, 1.0
104.91, 2019-03-13, 1.0
104.76, 2019-03-14, 1.0
105.09, 2019-03-15, 1.0
104.95, 2019-03-18, 1.0
104.88, 2019-03-19, 1.0
105.61, 2019-03-20, 1.0
105.56, 2019-03-21, 1.0
106.34, 2019-03-22, 1.0
106.61, 2019-03-25, 1.0
106.52, 2019-03-26, 1.0
106.83, 2019-03-27, 1.0
106.84, 2019-03-28, 1.0
106.67, 2019-03-29, 1.0
105.72, 2019-04-01, 1.0
105.9, 2019-04-02, 1.0
105.57, 2019-04-03, 1.0
105.68, 2019-04-04, 1.0
105.73, 2019-04-05, 1.0
105.56, 2019-04-08, 1.0
105.75, 2019-04-09, 1.0
106.0, 2019-04-10, 1.0
105.76, 2019-04-11, 1.0
105.27, 2019-04-12, 1.0
105.41, 2019-04-15, 1.0
105.05, 2019-04-16, 1.0
105.07, 2019-04-17, 1.0
105.32, 2019-04-18, 1.0
105.17, 2019-04-22, 1.0
105.36, 2019-04-23, 1.0
105.76, 2019-04-24, 1.0
105.63, 2019-04-25, 1.0
105.91, 2019-04-26, 1.0
105.69, 2019-04-29, 1.0
105.9, 2019-04-30, 1.0
105.64, 2019-05-01, 1.0
105.34, 2019-05-02, 1.0
105.48, 2019-05-03, 1.0
105.75, 2019-05-06, 1.0
106.11, 2019-05-07, 1.0
105.91, 2019-05-08, 1.0
106.19, 2019-05-09, 1.0
106.12, 2019-05-10, 1.0
106.65, 2019-05-13, 1.0
106.55, 2019-05-14, 1.0
106.89, 2019-05-15, 1.0
106.68, 2019-05-16, 1.0
106.73, 2019-05-17, 1.0
106.55, 2019-05-20, 1.0
106.43, 2019-05-21, 1.0
106.75, 2019-05-22, 1.0
107.4, 2019-05-23, 1.0
107.37, 2019-05-24, 1.0
107.84, 2019-05-28, 1.0
107.8, 2019-05-29, 1.0
108.19, 2019-05-30, 1.0
108.91, 2019-05-31, 1.0
109.22, 2019-06-03, 1.0
108.82, 2019-06-04, 1.0
108.82, 2019-06-05, 1.0
108.8, 2019-06-06, 1.0
109.23, 2019-06-07, 1.0
108.685, 2019-06-10, 1.0
108.69, 2019-06-11, 1.0
108.97, 2019-06-12, 1.0
109.24, 2019-06-13, 1.0
109.32, 2019-06-14, 1.0
109.3, 2019-06-17, 1.0
109.51, 2019-06-18, 1.0
109.81, 2019-06-19, 1.0
109.99, 2019-06-20, 1.0
109.54, 2019-06-21, 1.0
109.92, 2019-06-24, 1.0
110.09, 2019-06-25, 1.0
109.64, 2019-06-26, 1.0
109.97, 2019-06-27, 1.0
110.02, 2019-06-28, 1.0
109.69, 2019-07-01, 1.0
110.08, 2019-07-02, 1.0
110.29, 2019-07-03, 1.0
109.59, 2019-07-05, 1.0
109.48, 2019-07-08, 1.0
109.41, 2019-07-09, 1.0
109.47, 2019-07-10, 1.0
108.93, 2019-07-11, 1.0
109.05, 2019-07-12, 1.0
109.28, 2019-07-15, 1.0
109.04, 2019-07-16, 1.0
109.55, 2019-07-17, 1.0
109.82, 2019-07-18, 1.0
109.62, 2019-07-19, 1.0
109.67, 2019-07-22, 1.0
109.49, 2019-07-23, 1.0
109.65, 2019-07-24, 1.0
109.46, 2019-07-25, 1.0
109.44, 2019-07-26, 1.0
109.54, 2019-07-29, 1.0
109.59, 2019-07-30, 1.0
109.87, 2019-07-31, 1.0
110.92, 2019-08-01, 1.0
111.15, 2019-08-02, 1.0
112.11, 2019-08-05, 1.0
112.29, 2019-08-06, 1.0
112.29, 2019-08-07, 1.0
112.3, 2019-08-08, 1.0
112.13, 2019-08-09, 1.0
112.84, 2019-08-12, 1.0
112.44, 2019-08-13, 1.0
113.19, 2019-08-14, 1.0
113.91, 2019-08-15, 1.0
113.61, 2019-08-16, 1.0
113.07, 2019-08-19, 1.0
113.57, 2019-08-20, 1.0
113.27, 2019-08-21, 1.0
113.02, 2019-08-22, 1.0
113.78, 2019-08-23, 1.0
113.67, 2019-08-26, 1.0
114.16, 2019-08-27, 1.0
114.2, 2019-08-28, 1.0
113.98, 2019-08-29, 1.0
114.01, 2019-08-30, 1.0
114.07, 2019-09-03, 1.0
114.25, 2019-09-04, 1.0
113.33, 2019-09-05, 1.0
113.4, 2019-09-06, 1.0
112.7, 2019-09-09, 1.0
111.88, 2019-09-10, 1.0
111.77, 2019-09-11, 1.0
111.52, 2019-09-12, 1.0
110.5, 2019-09-13, 1.0
110.98, 2019-09-16, 1.0
111.27, 2019-09-17, 1.0
111.31, 2019-09-18, 1.0
111.36, 2019-09-19, 1.0
112.0, 2019-09-20, 1.0
112.16, 2019-09-23, 1.0
112.72, 2019-09-24, 1.0
111.98, 2019-09-25, 1.0
112.22, 2019-09-26, 1.0
112.38, 2019-09-27, 1.0
112.47, 2019-09-30, 1.0
112.61, 2019-10-01, 1.0
113.0, 2019-10-02, 1.0
113.59, 2019-10-03, 1.0
113.81, 2019-10-04, 1.0
113.43, 2019-10-07, 1.0
113.67, 2019-10-08, 1.0
113.38, 2019-10-09, 1.0
112.67, 2019-10-10, 1.0
111.9, 2019-10-11, 1.0
112.21, 2019-10-14, 1.0
111.67, 2019-10-15, 1.0
111.89, 2019-10-16, 1.0
111.85, 2019-10-17, 1.0
111.95, 2019-10-18, 1.0
111.54, 2019-10-21, 1.0
111.8, 2019-10-22, 1.0
111.84, 2019-10-23, 1.0
111.82, 2019-10-24, 1.0
111.58, 2019-10-25, 1.0
111.16, 2019-10-28, 1.0
111.26, 2019-10-29, 1.0
111.8, 2019-10-30, 1.0
112.51, 2019-10-31, 1.0
112.13, 2019-11-01, 1.0
111.56, 2019-11-04, 1.0
110.96, 2019-11-05, 1.0
111.28, 2019-11-06, 1.0
110.39, 2019-11-07, 1.0
110.24, 2019-11-08, 1.0
110.36, 2019-11-11, 1.0
110.41, 2019-11-12, 1.0
110.71, 2019-11-13, 1.0
111.27, 2019-11-14, 1.0
111.18, 2019-11-15, 1.0
111.37, 2019-11-18, 1.0
111.58, 2019-11-19, 1.0
111.99, 2019-11-20, 1.0
111.71, 2019-11-21, 1.0
111.69, 2019-11-22, 1.0
111.74, 2019-11-25, 1.0
111.95, 2019-11-26, 1.0
111.66, 2019-11-27, 1.0
111.57, 2019-11-29, 1.0
111.01, 2019-12-02, 1.0
112.0, 2019-12-03, 1.0
111.57, 2019-12-04, 1.0
111.31, 2019-12-05, 1.0
110.97, 2019-12-06, 1.0
111.06, 2019-12-09, 1.0
110.93, 2019-12-10, 1.0
111.39, 2019-12-11, 1.0
110.51, 2019-12-12, 1.0
111.16, 2019-12-13, 1.0
110.64, 2019-12-16, 1.0
110.65, 2019-12-17, 1.0
110.35, 2019-12-18, 1.0
110.28, 2019-12-19, 1.0
110.28, 2019-12-20, 1.0
110.18, 2019-12-23, 1.0
110.37, 2019-12-24, 1.0
110.53, 2019-12-26, 1.0
110.69, 2019-12-27, 1.0
110.62, 2019-12-30, 1.0
110.22, 2019-12-31, 1.0
110.73, 2020-01-02, 1.0
111.47, 2020-01-03, 1.0
111.35, 2020-01-06, 1.0
111.19, 2020-01-07, 1.0
110.93, 2020-01-08, 1.0
111.01, 2020-01-09, 1.0
111.25, 2020-01-10, 1.0
111.12, 2020-01-13, 1.0
111.34, 2020-01-14, 1.0
111.62, 2020-01-15, 1.0
111.39, 2020-01-16, 1.0
111.3, 2020-01-17, 1.0
111.74, 2020-01-21, 1.0
111.76, 2020-01-22, 1.0
112.04, 2020-01-23, 1.0
112.44, 2020-01-24, 1.0
113.2, 2020-01-27, 1.0
112.82, 2020-01-28, 1.0
113.36, 2020-01-29, 1.0
113.47, 2020-01-30, 1.0
114.04, 2020-01-31, 1.0
113.79, 2020-02-03, 1.0
113.13, 2020-02-04, 1.0
112.64, 2020-02-05, 1.0
112.72, 2020-02-06, 1.0
113.26, 2020-02-07, 1.0
113.48, 2020-02-10, 1.0
113.21, 2020-02-11, 1.0
112.92, 2020-02-12, 1.0
113.02, 2020-02-13, 1.0
113.3, 2020-02-14, 1.0
113.48, 2020-02-18, 1.0
113.46, 2020-02-19, 1.0
113.79, 2020-02-20, 1.0
114.25, 2020-02-21, 1.0
115.14, 2020-02-24, 1.0
115.46, 2020-02-25, 1.0
115.4, 2020-02-26, 1.0
115.96, 2020-02-27, 1.0
117.26, 2020-02-28, 1.0
117.04, 2020-03-02, 1.0
118.4, 2020-03-03, 1.0
118.14, 2020-03-04, 1.0
119.19, 2020-03-05, 1.0
120.4, 2020-03-06, 1.0
121.48, 2020-03-09, 1.0
119.25, 2020-03-10, 1.0
118.06, 2020-03-11, 1.0
118.12, 2020-03-12, 1.0
117.35, 2020-03-13, 1.0
120.45, 2020-03-16, 1.0
117.43, 2020-03-17, 1.0
115.8, 2020-03-18, 1.0
116.18, 2020-03-19, 1.0
119.14, 2020-03-20, 1.0
120.55, 2020-03-23, 1.0
119.73, 2020-03-24, 1.0
119.8, 2020-03-25, 1.0
120.09, 2020-03-26, 1.0
120.98, 2020-03-27, 1.0
121.26, 2020-03-30, 1.0
121.48, 2020-03-31, 1.0
121.83, 2020-04-01, 1.0
121.85, 2020-04-02, 1.0
121.94, 2020-04-03, 1.0
121.39, 2020-04-06, 1.0
120.85, 2020-04-07, 1.0
120.7, 2020-04-08, 1.0
120.96, 2020-04-09, 1.0
120.7, 2020-04-13, 1.0
120.86, 2020-04-14, 1.0
121.94, 2020-04-15, 1.0
122.07, 2020-04-16, 1.0
121.75, 2020-04-17, 1.0
122.07, 2020-04-20, 1.0
122.41, 2020-04-21, 1.0
122.03, 2020-04-22, 1.0
122.11, 2020-04-23, 1.0
122.14, 2020-04-24, 1.0
121.49, 2020-04-27, 1.0
122.02, 2020-04-28, 1.0
121.96, 2020-04-29, 1.0
121.67, 2020-04-30, 1.0
121.71, 2020-05-01, 1.0
121.73, 2020-05-04, 1.0
121.64, 2020-05-05, 1.0
121.19, 2020-05-06, 1.0
121.93, 2020-05-07, 1.0
121.53, 2020-05-08, 1.0
121.19, 2020-05-11, 1.0
121.59, 2020-05-12, 1.0
121.84, 2020-05-13, 1.0
122.03, 2020-05-14, 1.0
121.95, 2020-05-15, 1.0
121.2, 2020-05-18, 1.0
121.54, 2020-05-19, 1.0
121.57, 2020-05-20, 1.0
121.65, 2020-05-21, 1.0
121.88, 2020-05-22, 1.0
121.56, 2020-05-26, 1.0
121.66, 2020-05-27, 1.0
121.55, 2020-05-28, 1.0
121.94, 2020-05-29, 1.0
121.77, 2020-06-01, 1.0
121.57, 2020-06-02, 1.0
120.85, 2020-06-03, 1.0
120.37, 2020-06-04, 1.0
119.77, 2020-06-05, 1.0
119.9, 2020-06-08, 1.0
120.33, 2020-06-09, 1.0
121.23, 2020-06-10, 1.0
121.66, 2020-06-11, 1.0
121.39, 2020-06-12, 1.0
121.29, 2020-06-15, 1.0
121.04, 2020-06-16, 1.0
121.23, 2020-06-17, 1.0
121.5, 2020-06-18, 1.0
121.54, 2020-06-19, 1.0
121.43, 2020-06-22, 1.0
121.39, 2020-06-23, 1.0
121.62, 2020-06-24, 1.0
121.64, 2020-06-25, 1.0
121.97, 2020-06-26, 1.0
122.09, 2020-06-29, 1.0
121.87, 2020-06-30, 1.0
121.57, 2020-07-01, 1.0
121.72, 2020-07-02, 1.0
121.54, 2020-07-06, 1.0
121.93, 2020-07-07, 1.0
121.74, 2020-07-08, 1.0
122.13, 2020-07-09, 1.0
121.89, 2020-07-10, 1.0
122.02, 2020-07-13, 1.0
122.01, 2020-07-14, 1.0
121.97, 2020-07-15, 1.0
122.06, 2020-07-16, 1.0
122.03, 2020-07-17, 1.0
122.11, 2020-07-20, 1.0
122.24, 2020-07-21, 1.0
122.28, 2020-07-22, 1.0
122.4, 2020-07-23, 1.0
122.34, 2020-07-24, 1.0
122.15, 2020-07-27, 1.0
122.44, 2020-07-28, 1.0
122.6, 2020-07-29, 1.0
122.765, 2020-07-30, 1.0
122.8, 2020-07-31, 1.0
122.64, 2020-08-03, 1.0
123.06, 2020-08-04, 1.0
122.65, 2020-08-05, 1.0
122.79, 2020-08-06, 1.0
122.53, 2020-08-07, 1.0
122.4, 2020-08-10, 1.0
121.98, 2020-08-11, 1.0
121.62, 2020-08-12, 1.0
121.37, 2020-08-13, 1.0
121.43, 2020-08-14, 1.0
121.63, 2020-08-17, 1.0
121.84, 2020-08-18, 1.0
121.68, 2020-08-19, 1.0
122.03, 2020-08-20, 1.0
122.12, 2020-08-21, 1.0
121.95, 2020-08-24, 1.0
121.655, 2020-08-25, 1.0
121.61, 2020-08-26, 1.0
121.18, 2020-08-27, 1.0
121.38, 2020-08-28, 1.0
121.51, 2020-08-31, 1.0
121.82, 2020-09-01, 1.0
121.99, 2020-09-02, 1.0
122.15, 2020-09-03, 1.0
121.47, 2020-09-04, 1.0
121.73, 2020-09-08, 1.0
121.67, 2020-09-09, 1.0
121.82, 2020-09-10, 1.0
122.01, 2020-09-11, 1.0
121.9, 2020-09-14, 1.0
121.84, 2020-09-15, 1.0
121.77, 2020-09-16, 1.0
121.805, 2020-09-17, 1.0
121.7, 2020-09-18, 1.0
121.92, 2020-09-21, 1.0
121.92, 2020-09-22, 1.0
121.92, 2020-09-23, 1.0
121.98, 2020-09-24, 1.0
122.08, 2020-09-25, 1.0
122.06, 2020-09-28, 1.0
122.15, 2020-09-29, 1.0
121.82, 2020-09-30, 1.0
121.81, 2020-10-01, 1.0
121.685, 2020-10-02, 1.0
120.92, 2020-10-05, 1.0
121.2, 2020-10-06, 1.0
120.85, 2020-10-07, 1.0
121.07, 2020-10-08, 1.0
121.01, 2020-10-09, 1.0
121.14, 2020-10-12, 1.0
121.41, 2020-10-13, 1.0
121.45, 2020-10-14, 1.0
121.32, 2020-10-15, 1.0
121.25, 2020-10-16, 1.0
121.05, 2020-10-19, 1.0
120.79, 2020-10-20, 1.0
120.63, 2020-10-21, 1.0
120.21, 2020-10-22, 1.0
120.38, 2020-10-23, 1.0
120.7, 2020-10-26, 1.0
120.97, 2020-10-27, 1.0
120.96, 2020-10-28, 1.0
120.45, 2020-10-29, 1.0
120.06, 2020-10-30, 1.0
120.19, 2020-11-02, 1.0
119.92, 2020-11-03, 1.0
120.93, 2020-11-04, 1.0
120.91, 2020-11-05, 1.0
120.5, 2020-11-06, 1.0
119.61, 2020-11-09, 1.0
119.27, 2020-11-10, 1.0
119.46, 2020-11-11, 1.0
120.14, 2020-11-12, 1.0
119.98, 2020-11-13, 1.0
119.89, 2020-11-16, 1.0
120.2, 2020-11-17, 1.0
120.16, 2020-11-18, 1.0
120.29, 2020-11-19, 1.0
120.5, 2020-11-20, 1.0
120.26, 2020-11-23, 1.0
120.07, 2020-11-24, 1.0
120.11, 2020-11-25, 1.0
120.47, 2020-11-27, 1.0
120.39, 2020-11-30, 1.0
119.67, 2020-12-01, 1.0
119.47, 2020-12-02, 1.0
119.79, 2020-12-03, 1.0
119.32, 2020-12-04, 1.0
119.69, 2020-12-07, 1.0
119.81, 2020-12-08, 1.0
119.64, 2020-12-09, 1.0
119.91, 2020-12-10, 1.0
120.15, 2020-12-11, 1.0
120.08, 2020-12-14, 1.0
119.96, 2020-12-15, 1.0
119.86, 2020-12-16, 1.0
119.7, 2020-12-17, 1.0
119.6, 2020-12-18, 1.0
119.68, 2020-12-21, 1.0
119.88, 2020-12-22, 1.0
119.63, 2020-12-23, 1.0
119.8, 2020-12-24, 1.0
119.81, 2020-12-28, 1.0
119.79, 2020-12-29, 1.0
119.87, 2020-12-30, 1.0
119.95, 2020-12-31, 1.0
